No of Vehicles,Proposed (%),DA (%),COA (%),PSO (%),GA (%)
102,1.9895875845775477,3.0155522425954997,5.056907925953564,5.890795420054904,16.96757639891518
204,2.5779755496288823,3.5110682405655824,6.123252488311791,6.952530223036294,18.080292396908067
309,2.8377072419169904,4.012569982217698,6.858985899501968,8.103311851539985,18.76360315057478
408,3.5353430866486413,4.561570072936255,7.9219459901770675,9.144758692451243,19.894482152789685
492,3.9728518532393067,4.943482636839402,8.926146457449882,10.01061749697465,20.76783695933001
103,1.8934300282644558,2.929042014525083,5.04329598253607,5.8414016687762045,17.053462908612243
209,2.597581671934471,3.3741495089324665,5.862238249924577,6.812007561486095,17.736425226098312
304,3.0918454443942416,3.978298294957563,6.943522599582906,8.187096517537178,19.000337550659715
405,3.3754282623553618,4.469151721154418,8.10213832954294,9.03896141773709,20.03278211728431
502,4.005493411099985,5.242671648634552,9.208844277286993,9.913170726812364,21.092427013953785
105,2.0757662872939977,3.0032401441369676,5.041886474740898,5.905935510235908,17.106411418333472
204,2.4992484635729224,3.574908984425307,6.086387982166884,7.034981234254887,17.99006196698736
302,3.0354617568017943,4.110878838247537,7.0937391149279785,8.057702582666845,18.965460684532996
405,3.4955045413227617,4.55373156575442,7.977664945911626,9.105109512069934,19.97251012421144
506,3.8982666343245227,5.13343503259493,9.072600343256767,10.08207593039813,21.02662837304486
108,1.8191252984357749,2.866184093137688,5.003413198151158,6.070453479910251,16.98700902170193
208,2.4674088687299807,3.4912801351236853,6.078654002698392,7.148976514006857,18.058143251879763
291,2.9989515023143998,4.066365602793767,6.708632755795502,7.911490029183286,18.979676392069322
398,3.675758377223167,4.546366657168088,7.9249194694912255,9.145707862553657,20.11101176066663
502,3.8926464714924696,5.0360679175693,8.990638759071656,9.954743833079863,20.959539585488685
106,2.1396596891581265,3.0057290354453015,5.015087021327753,6.144171676095005,16.990760156139665
198,2.541464798510478,3.607424723394466,5.98821259354184,7.07841275908647,17.87828795976471
291,3.075113084780585,4.152618631736166,7.035600262922503,8.03105912588727,18.901216931907953
404,3.5624071415119474,4.427936032816805,8.021799741066614,9.186462505682307,20.093323244831563
505,3.8855738568608293,5.052883130181302,9.054140756887259,10.110992959588033,20.9369687520747
97,1.8991944522888051,3.11558850841927,4.89014491591936,5.918259910309265,17.06178748004646
202,2.3627625399700594,3.4579061114307716,6.00983101922381,6.939043217116402,18.104451398624345
291,3.0031044897762356,4.110833768663715,6.9947171995425235,7.898668416440227,19.053717842762577
401,3.522226613244824,4.559678277967498,7.857799347509246,9.070118632607038,20.07126284838464
499,3.952066313855915,5.092660550804441,9.110506072980291,9.84740702812274,21.075954646957804
95,1.9589365308019198,2.979590670298441,4.864217753796245,5.927688436936105,17.06024660957009
209,2.44926163182539,3.5445538846529003,5.967743521589802,7.023394745213454,18.1041852143748
294,2.830004027931698,4.111119935665328,7.172662650649659,7.961732156244813,18.998682701147768
409,3.4740608244062745,4.5372832991798635,8.01037971810961,9.059198468512456,19.980947163233633
501,4.0935392053798125,5.0470514761760805,9.189673818199658,10.089500866806013,20.824180699272404
102,2.0638450935164565,2.8798696650232167,5.202004910692965,6.176877178325942,17.01591589453321
206,2.6214797056894383,3.5691881144855087,6.096676046260895,6.9507856484804,17.979351901482314
292,2.9402431364233035,4.133490324784344,7.033057339262544,7.864598164150159,19.056048139880495
409,3.318796109887038,4.562974987839867,8.163394818352366,8.944680781656512,19.852919491832672
500,4.064053359163103,5.107141130188749,9.175477554484658,10.070364161579317,21.014116929869154
108,2.0701849285492093,3.1058743829914808,5.16083893113572,6.223628365079598,17.024324456985564
201,2.4938047253901905,3.5202054616025644,6.035496825475766,6.982085024233657,18.071769074143948
307,3.0654492490071203,4.065238871624357,6.964495135562784,7.873198579261662,19.118417252766015
393,3.5005833546665435,4.5157447924960765,8.127832947031871,9.190594134845757,20.029977456372155
506,3.9562391743243035,4.951364310645019,8.867917622612104,9.95368323869272,20.935268459166995
100,2.0218992523333994,3.0331942556666864,5.021187867865183,6.119249655903147,17.03084501083315
197,2.4192564598530386,3.5799178819905397,5.910444390645367,6.987988635678863,17.93337157994901
301,2.9850994800636133,4.0428790639938725,7.099600865938867,7.981757900284759,18.98223060228866
397,3.5931571268681064,4.465889209745129,8.028865393080748,8.951537123599604,19.934039773148076
500,4.02612666841319,4.983353087176477,9.007477626792197,10.034306700892593,20.92951315461845
109,2.1231984471269634,3.0585490743749615,4.992390323138804,5.989896122311808,16.91360408831648
207,2.2462611403930115,3.358502412812395,5.878260388101073,7.0313049709913145,17.861654648193134
295,2.958861016997251,3.8700105720703677,6.929444590822175,7.996234005647456,18.94600123642743
399,3.451595036361298,4.585106921402061,8.100800194724505,9.154571229765923,19.890802452533386
509,3.874323865510436,5.150057136896267,9.01164382406634,9.92508567353064,21.021807550865272
106,2.002094736552514,3.1702696488347937,5.103582523841757,5.950843884140191,17.268467423806406
204,2.622385319857373,3.4925255831849835,5.972687764759309,7.034494500154628,17.876673117370313
299,3.013682182967129,3.6675244280088903,7.105443165497326,8.026195034934132,19.066072339446375
404,3.3815639827687978,4.35310765363298,7.947383764645251,8.874489225074337,19.79033243014302
504,3.950061570140863,4.957555129685752,8.803570747776439,9.964880379819624,21.086379182456966
95,2.0847118318979643,3.093229008506628,4.814767290098424,6.062441941225655,16.868067808622023
195,2.480367244397463,3.43070158026685,6.083543408821587,7.0670100040125154,17.93920515527148
292,3.138178389745194,4.08007480213233,7.013540248248361,8.136581775256206,19.038566000046924
392,3.6873020623575457,4.623823794064643,7.833156124609737,8.94191760471535,19.833471533286755
502,3.7956173705077885,4.912300740548945,9.252956450546282,10.013045411208868,20.936371045432193
97,1.9072066040062279,3.1591019305775117,4.859899716184391,6.241004864940713,17.000184595523102
207,2.4343804045111557,3.4794231401970332,6.1171662311780555,7.02214916232784,18.005633628681213
302,2.9267107114272775,3.9955256819237404,6.963466404698753,8.002128043710407,18.948785426765188
403,3.4930421791078774,4.378605829384262,7.940063350615968,9.088673235955454,20.11996380791859
497,4.08899875622171,5.193919256909947,8.888999642811408,9.934916727437004,20.97813455885041
90,1.935236788641146,3.048546452464674,4.884346401516227,5.894266718282527,16.83265152003239
201,2.3876470879086007,3.374629987010178,6.060588554795727,6.956787629067595,17.934331520988987
292,3.1531899916544543,4.046266613681989,7.112771200819488,8.156461974116075,18.876706364600917
400,3.480770096597092,4.509912653615464,8.017859051739281,8.975324933790112,19.89968201690772
491,4.022484881604564,4.935646930229561,8.856553465815031,9.95314310772018,21.011995068015874
106,1.9598835794388823,2.974812169210327,5.0579007700149266,6.085020536713124,17.070129232675225
195,2.6382641935664193,3.564912014005994,6.138996406860421,6.954553905871502,17.95214201001358
308,3.166004248948348,4.19426681241615,6.9696240218480225,8.032876030034284,18.95694134398177
395,3.280575175645447,4.45159429806722,7.929496251986034,9.002780291573995,20.079760284999974
491,4.0092857623971705,4.793930148533609,8.95627405946223,9.992462038757724,20.901307467583134
103,2.0264297821975434,2.965334663856989,4.961630958041901,5.967833748494158,17.0226508649672
202,2.5725199472673186,3.610685018218982,6.095401381584731,7.1670162587348925,18.02550533488896
291,2.920398393478412,3.988594082762764,6.919439460157374,7.956418102283377,18.994346025601825
392,3.4440337310216034,4.583959354566721,8.101213646090853,9.014534580275063,19.86977607909837
499,3.9350946279571626,4.903116836845324,8.937161590900486,10.061643642252173,21.034828933009976
103,1.9267531542988345,3.0066814883177404,5.009096897677541,5.979100003930626,16.977693296451925
209,2.4588942208132956,3.607692282529285,5.981921563610451,6.935947054349251,18.069673090923185
304,2.986905077781553,3.925860672336974,6.969343055286615,8.01744592948367,19.098907421069548
403,3.408761254748761,4.666080240193791,7.97586562255935,8.916371188127462,20.098868056034473
494,4.0188467729066275,5.066471408630889,9.016840195693547,10.032246690100175,21.03181050560526
101,2.0334176417244896,3.188768765734019,5.1082691053887075,5.860288181488701,16.9548841141591
201,2.484474095117525,3.555655312453376,5.952887534818212,6.9416400673654,18.055174079991094
296,2.8092192442122608,3.8664518430900108,6.990636381126083,8.103837885101932,19.120026174973884
402,3.41396149892205,4.5486036289417635,8.13257966475422,8.848065392452316,19.95368386379146
497,3.9586394466578354,4.845269601106163,8.871283643141576,9.716784440188944,20.9588573392884
106,2.1153900734255746,3.0764698334664673,4.923771749200268,5.877601793325683,16.970768035066172
192,2.6836674630859405,3.3758766092639125,6.155024967277217,7.067569694939439,18.091248338954742
295,2.8568717612361945,3.8464209731424983,7.006970231473182,8.040945052192562,18.98587069367939
394,3.4824218078233464,4.609074935199042,8.007623822768158,9.016869132533943,19.99359389614661
506,4.040827164090203,4.9279585143196165,8.982020055484847,9.988367696072375,21.05298931548838
93,1.9834471848646673,2.970774478455616,5.035354786319868,5.943841206462672,16.970140326239036
202,2.432061543019365,3.5153101992934324,5.974406943833024,7.198985507333756,18.02740273526721
295,2.9622955830865743,4.101815724764875,7.137040969398386,8.035094250489571,19.015187760961393
403,3.465038500996445,4.501424416401371,8.142945780204402,9.162638040566863,20.125481194346918
494,3.8800140277820403,4.842364829110056,9.14644543122673,9.949738038616823,20.976787068145153
93,2.1164614990310358,2.9774343296781933,4.882118335977521,6.12823634741156,16.89714234744939
195,2.735020580000572,3.4914391910528755,6.134666972375487,7.108773984323375,17.775185711320784
299,2.7335667678925555,4.150763355891368,6.952565455809653,8.044350172058452,19.126131810185004
407,3.567294320449504,4.430784778792311,8.007343451924111,8.884813161541322,19.96721764736573
504,3.823540409072295,5.130801191566178,8.966362133688959,9.928497813196977,20.96615060357077
105,1.980573086802148,2.938783308284518,4.8090643912492705,5.9962429355020515,17.095154977057405
204,2.4244208499841635,3.5491207665411997,6.131830232485267,6.8268798696555075,17.89788375424397
299,3.1048707126416564,3.9641970620253013,7.007268052432934,8.149493822745324,19.047347189903522
403,3.6655407113088296,4.486060279933676,7.958850685543782,9.004132563227062,19.97323589091012
499,3.9516438516153465,5.073965315172467,8.991076584577856,10.044300213044737,21.08467707752165
97,1.7872772579648504,3.014178542046027,4.874824231363826,6.05017189930277,16.97385343626808
201,2.430000820642817,3.449608052862574,6.036318229829127,7.184290304830465,18.168566542489202
302,2.8932555654453447,3.899239930533997,7.05195463297744,7.934893599808513,19.034170038363094
400,3.4629041980428443,4.402707911400875,7.9878724524164335,8.936605459010659,19.89554257801433
506,3.978357197172411,5.121297272922619,9.176782905840518,10.052753715868002,20.8263183591456
105,2.107911330399393,2.963326845196098,5.014334388259589,5.704692489934873,16.831529930601416
207,2.4421098967663566,3.530506213896517,5.88713770029873,7.12408795720469,17.793530251004125
294,2.8706180598195576,3.919903240310402,7.046782672523596,7.929725222330061,19.153974076267588
393,3.376587886499093,4.528039197111331,8.208126962876673,9.22657126904957,20.110590498591726
502,3.9263198294678623,5.0362040145859055,9.02458968269129,10.011636345136596,21.22260188857667
96,2.0010924485573556,2.859475080922669,5.13091443869176,5.899373064567452,17.040504054343717
200,2.5555588684668935,3.4964210314061703,5.9279770912481045,6.965602392856621,18.12386957690644
290,3.242928264295125,4.117720679805225,7.001909471995757,7.99722844337546,19.13111558681126
400,3.480399316652831,4.5637353682875395,7.947961787979761,8.962852850013846,20.076142176739697
493,3.8337373677748645,5.046025586351012,8.972854426454793,9.98389384969862,20.87400185215617
102,1.8405671506718542,3.1228839295072555,5.116688787568986,6.0321550513047475,17.02635690735355
209,2.669356646952829,3.568940493678027,6.050953629543593,6.994290955418653,17.96729474412459
307,3.1195220671521713,4.110663778421809,7.125597292043116,7.980228265772237,19.08811231392795
400,3.5478202261901757,4.494094791774016,7.958083805816603,9.12163120393494,20.070187578130792
498,3.9937890670079814,5.178931308586416,8.883249964065298,10.016713921321063,21.08736596768943
109,1.9502736033363821,2.9761889563687944,5.194121743646375,5.978433236245237,17.13554428011055
207,2.4118931663338707,3.5046002747253273,5.912167692282026,6.91270389095463,18.11701987091966
295,2.928777923635095,3.9095385625006234,6.962199210098178,8.088140752892357,19.01342964972478
392,3.618673462017733,4.617275684526745,8.023144592252557,9.072113536254559,20.007959786237603
502,4.1436335405705975,5.066541682369178,9.064648953772577,9.908372589943628,21.05540577711159
98,1.8611091828970894,3.0274741902746345,4.918228452426987,5.960090114617907,17.103572464258303
195,2.440489656135228,3.6068959535275136,5.836739725431268,6.908307245467007,18.0819728331691
291,2.9717113279480376,4.009118827384378,7.120595601790455,8.032662421756513,18.99998808514409
402,3.438092726348279,4.44380537523049,8.114185324481097,9.173204929136809,20.10833404379113
494,3.996848767557698,5.101464538643941,8.92077016077959,10.070288179859512,21.07450305629128
102,2.1439445715153136,3.1121857856230473,5.025797598122118,5.890783636728191,17.0574071220894
202,2.4638537233306015,3.732004072201726,6.110387734331626,7.083475132632488,18.13995946451458
309,3.0416446038101452,4.019613145902391,7.047516774649538,8.091377162138558,18.86578722515149
404,3.4946095150994263,4.4095931710264,7.999759615908115,8.845427021330927,19.863417584458457
502,3.9017696419622685,4.8451039474946525,8.94107283482107,10.158983897818068,20.98510306902327
95,1.9625819724009816,2.8825158691617063,5.0218025092132565,5.950564566214329,16.907221589093925
203,2.4844434305478162,3.6425894749624588,5.902118575391886,6.874930393701177,17.97606231484911
301,3.076619600917411,3.942095466383185,6.991195553082395,8.002194380821534,18.97866702006907
400,3.6010413826250653,4.274375006525178,8.033825248752917,8.793504261241527,20.095995667443376
508,4.122371034066929,4.882155965313995,8.981861459689071,9.931400195828058,21.15834772772496
109,1.888222115976303,2.9166626441204566,5.067644181649477,5.8153951749555945,16.92082906494324
195,2.7444582752582507,3.463841141942441,6.008079162972198,7.09197033140843,17.979570466669816
299,2.9457717662237335,3.8882250346073826,6.931894483938532,8.018486788385264,19.080391933088073
396,3.320326198702195,4.464129622695108,8.099587197665892,9.139073248759154,19.922926294029914
506,4.149037947019298,4.9159608463794555,9.02549967506746,10.012391742634264,20.955970321289243
104,2.120247774765301,3.0433505499946842,4.98986217437358,6.047266305607671,16.982505543399867
193,2.5317146984710477,3.429327023648076,5.950722727175706,7.13791625881975,17.89301046709195
294,2.995413874063098,4.08986484586849,7.2633537940031605,7.991661985556154,18.873531356824394
406,3.4168729226047687,4.555957706151046,8.053174488312566,8.941009070213424,20.152929655083952
496,4.109516041172023,4.918646965063377,9.018676205484825,10.084428322809742,21.01316445669193
100,1.9410432616007598,2.923477763399531,5.012125468310393,6.043414222026222,17.123221395633976
207,2.4735357313699273,3.5006284524891873,5.97665672013561,7.042713372868766,18.143287243126707
301,2.8636921655102308,3.7565823614157408,6.995920551021504,7.931104158854151,18.855727327862674
395,3.4359602320941396,4.34897697545831,7.959088338634475,9.091509473958295,19.91409724611313
494,3.9182704539119357,4.988898112639284,8.998149539677033,10.015710869450333,21.081354803997055
92,1.7070551309997732,2.8828345652682437,5.0175286778933925,5.9781346722564965,16.928298385087206
195,2.7052972024501662,3.6695722877810866,5.866327456112407,6.9908600442490885,17.871541573430004
301,3.108876965421667,4.189728869477311,6.958817663103634,7.991912150213454,19.09778155496862
404,3.4623699275075004,4.515669372824653,8.013192796677195,9.005225849049749,19.789435305815967
495,4.00188190497406,5.102353064418534,8.954545228125655,9.89393949336034,21.115359034331693
104,2.1386349397262845,2.87385810082486,4.933454606696911,6.119409524994615,17.14444874889465
198,2.552901629989211,3.5507341021892875,6.201048163459157,6.888380238864031,17.93953379325048
297,3.00569544402549,3.9065321289516746,6.90093048790559,8.230702091695361,19.082572636294717
409,3.4974597549255075,4.5211457753867235,8.099019475648985,8.982122491621709,19.92285303547785
490,3.8979698452738525,5.111546668309521,9.042475618113237,10.067664793929929,21.139696158045783
109,1.944938147339787,3.0103772836800435,4.895954503438607,5.908265073380788,17.07433121295429
206,2.707767713291944,3.6281992253094306,5.98157619605545,7.07355242541251,17.877850493693344
294,3.103619149439191,4.063309493470538,6.824591443733064,8.165848504196807,18.938354765469896
392,3.6535468449934525,4.550856587735832,7.89048939480644,8.982206182500805,19.89963387883282
491,3.933269233264562,5.163058197033006,9.107418539217898,10.051986343979982,20.946327688991698
96,2.07161106980811,2.8901908706563986,5.056775707708607,5.972879480673927,16.967151702858946
207,2.618420914596169,3.5039154591813126,5.918943529037463,6.938867722078089,18.07504465708874
305,2.9180134454966247,3.8140065138173393,6.8263904241401505,7.932843789941574,18.869867692109434
409,3.3700804481687663,4.439465459662272,7.979817990306545,9.011294803244203,19.99563329802597
495,3.9625940350408717,4.907162833017778,9.031988614027451,9.911055125076045,20.8211010587203
100,2.0442079036801006,2.9514137311595694,5.16019475065124,6.094870691749307,17.099842282312217
191,2.622113107852649,3.5517421799189464,6.168049563041465,6.9745751868587265,17.969084618864347
305,2.896931059857953,3.943249506611288,7.056023703948846,8.004136854399889,18.888742169798896
391,3.413811507100506,4.387904177479364,7.918961630557502,9.123176822948949,19.896969352670567
508,3.9055804355623405,4.798124629341671,9.074770211513165,9.835953864294359,20.91352778654809
109,1.8789929279898796,3.033614496302623,5.000068281895748,5.865042378844847,17.03958197810959
194,2.6259233239786797,3.4772523740046593,6.078213000153146,6.958478623209473,18.06928557558178
294,3.1146440870400727,3.9176064513028,6.920910061833244,8.003402741107223,19.073463754545934
409,3.4026621161972965,4.428089054855081,7.922014705377836,9.011137260184006,19.901419619133218
504,4.100713333647316,5.204981209578593,9.108198480924994,9.982090671498385,20.97158449020712
91,1.9005723288311045,3.166431238772454,5.111882565370642,6.005674256716206,17.018167427290347
202,2.4625035922052207,3.501064224323265,5.925633838663323,7.015448399571906,17.92410951604796
296,2.9353054828750387,3.977576979339525,7.040272221687282,8.011032110584718,19.29207525658859
399,3.398343912098765,4.54842575665943,7.908882602364917,9.080183098254492,19.908713568223636
495,3.8755824887322166,5.053374610374157,8.980984205626127,9.940301160902424,20.929934734565546
95,2.088264807701312,3.0373348559711397,5.059042206125146,5.885698068792627,16.984975701120174
207,2.516048962397348,3.5312378210466573,5.985785346305946,7.082015818675549,18.119170749710708
295,3.2212531039397243,4.119273516541641,7.033868731792169,7.993531139496748,18.99162820401508
406,3.4639960731243016,4.374213184409111,8.102945748159836,9.00728740980155,19.888045387161682
503,3.927192290214468,5.073138025257499,9.087231538002845,10.007319699100169,20.960647014403026
100,1.8260612388844204,3.0667660792646925,4.844748600771378,5.962308967559015,16.991142096918033
199,2.5704605819709077,3.6851881891933873,6.089775789871515,7.07590903953884,18.01308934879438
290,3.145328230625247,3.9718932362058634,6.948591694728614,7.896191149618371,18.871323870534727
407,3.4886936535972968,4.421904480813406,7.9791660845934445,9.0958719428324,20.010800074394698
493,3.9849535600176926,4.957622454439201,9.0909621131419,10.034190502126547,20.98583302146434
95,1.8740567389562437,3.1241392331313187,5.054208992480038,5.920306073954298,16.94385356431313
203,2.6076387539608867,3.4651017948931666,5.916037972674495,7.264814398575349,18.082938079358918
297,2.9857910124910334,3.9157502508633297,7.109777202097163,8.069552334896526,19.090057781819322
391,3.2726049790763456,4.5403191210760525,7.952653787682445,9.288423227657365,20.037332414449775
506,4.21349629396794,5.020232681488414,9.068076574865557,10.082760197632604,21.063039247203207
90,2.0127542394370512,3.0168928991370856,4.9296507118346815,6.056870901603567,16.945188605177428
190,2.477682882852658,3.4742010694826067,6.020939046669282,7.031146756326105,18.00414571211341
293,2.902442943407705,3.962177189763443,7.166201039627204,8.043034844190474,18.94147740042165
393,3.577531421051965,4.415866883819103,7.966774225531065,8.990509343072906,20.10056550930766
507,4.028304482013648,5.0933740292537335,9.09607021407192,10.003477596879344,20.830050257132157
90,2.0481053291125484,3.031144815582471,4.8711794393017485,5.9543894264859425,17.09907980883522
193,2.458449048361031,3.488056412605628,5.91012327754726,7.096513359057238,17.990765863700815
303,3.0647408878574804,4.011559799706372,6.799705097932784,8.112569281601692,18.87092111338494
406,3.6138908754074412,4.388359522004997,8.026392815350489,8.880086276565173,19.93631404130714
509,4.01100330900475,4.970626191344192,9.169160216537742,9.901620608230917,21.041966024481205
97,1.9658412078491272,3.1579940107943445,5.047794387733391,5.905613540957716,17.07969958637223
205,2.500173435674245,3.6642024215044944,6.101881207970094,6.936652200756308,18.045073879004356
290,3.0087153940382176,4.075362428527199,7.174768746428298,8.066438753423563,19.035001119793517
393,3.7489461081260695,4.476487366745089,7.905004204575322,8.932069523063426,19.934711264180095
499,3.9661420019261047,4.863852766386727,8.975647361081473,9.9175728822683,21.12930232782147
105,2.001449019731979,2.979747577293517,4.960244223450828,5.93856768559037,17.082822969018462
195,2.382382666344522,3.4471702953337022,6.1237653757512,6.929021100776646,18.10908616706037
305,3.048756029708672,4.103608765104625,7.03797676360409,8.097888955855678,18.953706048797475
403,3.6181891092959964,4.3577025074738325,7.903195424148976,8.862825687073649,19.98500592809209
492,4.04809080927489,4.902987573962036,8.968969229461509,10.160878085573437,20.856684818547528
107,1.8684832257571808,3.0238480811363933,4.8459914024988295,5.941286066800834,16.903173181463135
191,2.461990143648968,3.4160679598220542,6.025231790573054,6.922106035918376,18.080022533800136
293,2.9278583650254113,4.135444107278428,6.9681372596107405,7.968490326696789,18.826856857110272
407,3.485219349645288,4.357114276345581,8.108223791152637,9.187557146003433,19.955265753894263
496,4.11128701407685,5.02218835087721,9.072068947119423,10.161906848110808,20.907243564713752
102,2.1069279457572443,2.846729944011007,4.910968215198013,6.014304876987895,16.80919978628767
207,2.4260628592540963,3.480371934861206,5.993592223585129,7.084961198851621,17.96069472429386
306,3.119189933441357,4.030170000890173,7.053629090951719,8.069285758423744,19.100163182520856
398,3.5950015828669644,4.51755362295786,7.780387217890006,9.05825713188088,20.139345452752444
503,4.02430047220544,4.815620641651925,8.983787602452015,9.920005949329807,21.07105491022978
105,2.1343490208184064,2.9743790427860017,4.992363680067936,5.8528919164306865,17.15331641166854
190,2.318766541622928,3.4659083293908064,5.969770356746131,6.93859913929286,18.10038015483325
306,3.2258827121908187,3.9752672266922175,7.007701075749295,8.093666030984679,19.013747634514115
399,3.4321693267484803,4.459921035502051,7.903266480307529,9.004235213076743,20.20893426498518
505,4.210243667698184,5.252439653782322,9.159712053429026,10.054921518250005,20.937166385120378
99,1.9899690359007447,3.1518718352716792,5.019656354764247,6.1164583471201945,16.985571205736328
198,2.5181513331507555,3.565839251192249,6.100800400429326,6.991274398681705,17.96710559146427
304,3.1214973511292237,3.813955200007569,6.945039541533516,8.08534214514921,19.035930258008577
402,3.5473934099211353,4.586424361473423,7.8354407385958185,8.963061326793632,19.87918211763544
506,3.927937394240923,4.942862574758272,9.150554519190583,10.009697017676086,20.97484191692344
94,2.0630148776427863,2.9916072745127327,4.963292959401833,6.034663619656584,16.872550711750097
198,2.3123281269317264,3.533324003652243,5.929517782900202,7.145802527556432,18.037955030461223
304,3.041053201440925,4.016984469724903,7.248496995358665,7.8503800845924,19.11162463905181
392,3.588028507898378,4.33105426616848,8.125261571961955,9.007698314140715,20.150804759141916
495,4.058865267938243,5.019332032475447,8.884982793968561,10.012407272571949,20.975063589837404
97,2.250164503513511,3.0428920398180987,4.919893300960018,6.013829811679991,17.12566858059021
200,2.5836221078875004,3.56108976739008,6.076544923843228,6.949577903607784,17.94319755667074
293,2.9260981103001034,3.9648374832139077,7.051125327853957,7.98171726893967,18.916763928570308
399,3.5141550779079345,4.529542981172178,7.958814548895523,8.954458230868847,19.847065167948664
509,3.7576953500998465,4.848507572462995,9.081136231740471,9.881622404918147,20.736403213241086
107,2.002263085267687,2.9420875890364253,5.216993658808054,5.968176247225738,17.0862223511887
209,2.3594436946143715,3.451916621048802,5.857631736311608,6.921884362186889,17.858377294420734
301,2.9015006874182987,4.069616799715929,6.814815726842534,7.974019985923249,18.884884626344714
405,3.5198680009547405,4.448230742713078,8.078358966479861,9.159853811209635,19.716092134051458
499,3.992093265813544,4.991190875597093,8.93213569387059,10.080212845861812,20.919061917891725
90,2.095670318638566,3.093243487095467,5.039330705000532,5.8980304680291145,16.976298802998738
201,2.5204758882401785,3.458489971103663,5.926194291633861,7.020636177132545,18.07499002394237
291,3.0765878279480616,4.070070061212058,7.018125116260205,8.146219593871765,19.027926783821652
397,3.3384113212589526,4.781465444447255,8.04602716249823,9.044863576451453,19.904908927031276
507,4.029964768783735,4.989565720701311,9.019484234027013,10.096198718907184,21.031852100479888
107,1.8387981099327473,2.9460785984193754,4.962949990249235,6.03914883731305,17.134888034712127
204,2.422088202963732,3.531455217053677,5.839624794433367,6.941321697049052,18.149769851604145
299,2.895585897764215,4.01386458947118,6.960316177925535,8.099433607987793,18.97681738307575
396,3.5379602101786256,4.498735618765822,8.046874978431529,8.744368213252866,19.86738018443571
497,3.876463697332755,5.012600051904407,8.98630650113906,10.014144051292336,21.136647284234336
100,1.994813483319444,2.925880659973692,4.947610017165608,6.2060822801135345,16.99673096829988
199,2.5560892722681805,3.435571818255145,6.144701066677481,7.05712476595885,17.919255777492577
295,2.8746608828775844,3.98674343226551,7.132839054541181,8.064418986053756,18.900204471297684
393,3.413696509291701,4.462743115762355,8.045568702891469,8.843541697388646,19.911754095176775
490,3.8377066997318763,4.855848017303617,9.066309924674018,9.888736943876186,20.857642935781886
106,2.1104494985442632,3.0537517383020116,5.11592341502842,6.0297055771491905,17.07947392170553
205,2.439834759781856,3.503850364563481,6.004707168680789,7.069339970587189,18.107968120472236
292,2.979381519937424,4.144058508060188,6.782913842916633,7.991083341836503,18.90491377145333
403,3.459980649898563,4.417679490269857,7.948743234255571,8.977655709013687,19.98211448784917
499,3.8464981237334124,5.10886965586177,9.178587112430412,9.813265543130049,20.96862587226457
109,2.0420153293986285,3.0053417480909546,4.949827109507112,6.019592214835428,16.986735685574086
204,2.624452991067664,3.3686510868309374,5.992846278793548,7.186926928321624,17.819548682071296
305,3.001008296688121,3.9803811854147533,6.935667560423535,8.127862388805115,18.96305683105393
394,3.619416018252446,4.432885639323688,7.922845491304852,9.065362688798697,19.903072231266783
504,4.156537267458465,4.801984954094501,8.872246417786705,10.067540911893104,21.015469674934533
90,2.089324462836713,3.0182529280397437,4.835313614170715,6.014935620146579,16.941923189324953
200,2.474455978584479,3.501087875820223,6.06045923447025,6.979477161744419,17.974191929013596
306,2.969383414214449,4.0561067084025915,6.932418602896668,7.882684344096723,18.98403148125117
393,3.5734598128302997,4.325829644691982,7.842842192132082,8.829513139826938,20.043006568717534
501,4.067718168672505,4.962872528738575,8.920621347598104,10.00739327870305,21.084694650176992
106,2.0146509200958445,3.1095058866481384,4.985248043538195,6.017737917091447,17.059210196104313
191,2.695429723802531,3.582928391342589,5.96896312164187,6.790012676778096,17.91827162499669
308,3.1244652781535303,4.041857668266008,6.939885186340402,7.940012583139919,19.07757856567932
408,3.50309254177825,4.467298631400651,8.02651986359483,9.109832920069405,19.970289105280145
496,3.9568853116818063,4.992361036373317,8.935368470423066,9.909957077453551,20.96633533956347
96,2.0856939303718107,3.057567952253546,4.935114781659011,6.014376948231601,16.96947339476349
207,2.535505627823892,3.4021152161676653,6.03769089416264,6.951577311851805,17.95693266998229
305,2.969107135565026,3.9704605381300837,7.110501843885161,8.09231222677709,19.041263062306587
403,3.3415716107373354,4.553716050146096,8.218577981227117,8.945640707627634,19.939759837786564
507,4.0216296458401875,4.8429071942878235,9.195865476836708,9.923790471505434,21.008512205729783
91,2.159495345140532,3.0262214732236856,5.068326038950333,5.9433489004768525,16.9319504056325
199,2.577902986763013,3.439006370555334,5.9860949680212805,6.88798165613128,17.92546765162929
304,2.888957425074756,4.014508064950925,7.120509565345003,8.08144248986166,18.93202667723996
401,3.575992274304747,4.434221261070443,7.955757701075643,9.218571166461416,20.16497836862408
506,4.152930419448689,4.917571644232125,8.965882541932999,9.961777276143385,20.92815194802401
102,1.9369975020466106,2.8254292567140347,4.887250390104696,5.989273523418905,16.940446506481614
208,2.5731955502509845,3.5494705653775034,6.112790899325357,7.122028289641772,18.09005330773316
295,2.980307819200311,4.038343503140364,7.015449366559525,7.892332087252899,19.169943598300872
393,3.453541892188438,4.459069152590428,7.966344741012183,8.92374807608534,19.959820497305838
492,4.0044358797515605,5.100592451179642,8.99801263646317,10.103630289207247,21.06813623265753
101,1.8846307718660142,3.0184132773022543,4.955550097178979,5.992284735139189,16.98352590698959
202,2.6814009181074985,3.372020201388053,6.040571919637924,6.935892373455928,18.09260682458279
299,2.8199299682223167,3.9548836779995704,6.980778239969735,7.819603335930532,18.85021865434596
390,3.6791265064170706,4.674737635970991,8.034515114980644,9.048195778724768,20.06046840969496
497,4.014735127314324,4.9952316864758775,8.915025866784008,9.876622715844444,20.970018654303132
109,1.9219787077633599,3.111618806443385,4.964544297130299,5.976356781992042,17.09957084205227
204,2.58811624684367,3.3957460552517116,6.2631440405426515,6.895017446648187,17.84902257068458
306,2.9387943773536587,3.9096936760903995,7.206324700435191,7.9817927759444744,18.97107723218463
397,3.5756518098541026,4.471899468596993,8.029905507482104,9.077111775146205,19.853113243513402
494,3.999752016887684,4.980193350247522,9.041697207405045,10.130562676156801,21.11688435574027
104,1.9587615605199666,2.826059802806326,5.10756574688259,5.98356092349271,17.02439721382757
205,2.362644360806787,3.3947519923003586,6.083542447189305,6.988278542626287,18.147998641318065
308,2.7587007311924117,4.075232489302744,6.9236211300005115,8.014135352660693,18.98106075574893
398,3.546857506995396,4.535888975994685,8.052480579639068,8.933550131852776,20.06747285460635
508,4.131654617218469,5.2963108456306704,9.149541366247536,10.026896351412331,20.984043471800796
104,1.7808925927435335,3.0920598242711814,5.100136645629086,5.992278255653205,17.031085819079482
195,2.4664900521200765,3.423857024557442,6.0264584536029115,7.099578122837753,17.842132479809703
305,3.11248370601157,3.9625467740612716,6.987386823967616,8.052930621179057,18.978749863530883
406,3.6265445519891655,4.467801563354075,8.096731123303822,8.953369602255508,20.117894839923668
492,3.900870961835968,5.010880370970541,8.919733860976628,9.848704323339973,21.059675864630186
104,1.7976346021987832,3.007226190097399,5.049091534892666,6.032030193304855,16.920993912740204
199,2.460314295508468,3.3934664305880746,6.07062580369103,7.066475027195307,17.93072983633716
305,2.8753221752162137,3.9834116950016623,6.9499948549025445,8.098423144246194,19.019628916781475
393,3.486934603103789,4.478199719141686,8.098112118801252,8.890235535042052,19.785595987432533
509,4.056577369967206,4.993764535803122,9.113163811966832,10.10547313349818,21.017562030822575
92,2.0637719497181917,2.9919051793756157,4.946614507060796,5.962657030498382,17.0471862338031
195,2.5449900229409392,3.5078902831144565,5.93461200863479,7.0003880616680405,17.911703460155323
295,3.0898617839598645,3.953862778525321,7.086394663726987,8.162217491886985,19.146687329015467
391,3.3631636907945976,4.552048784477424,7.998827649679081,8.876347966365334,20.053928045088067
507,4.019948529944291,4.918207199031239,8.953916766020324,10.06755099976798,20.949226669677024
92,1.814058667405374,2.8674812695843,4.862254259297463,6.053370320096864,16.77775592254097
202,2.333469092132236,3.554403785677378,5.922575388644297,7.269237858764697,18.072272097945316
299,2.9708478689082503,4.191166240628103,6.994415509917722,7.901914156357571,19.049661538296736
400,3.4783595579040134,4.547453734646553,7.947022352915717,9.003311461139173,19.914540956535422
507,4.0270206291238315,5.009287240182351,9.102625642627098,9.86165076274657,21.009302961959342
109,1.8727605022794782,3.0033601316643987,4.952927659179615,5.9609241586935475,17.013524654035123
207,2.4369456904261986,3.315029585432804,5.965005416548516,6.978616257686205,17.92233171399009
307,2.973923015374393,3.9120836984378666,6.966584761854567,8.131277311799005,18.98848633965087
405,3.3761436810965333,4.694459399359702,8.057486886983838,8.848969524552976,19.908832353919813
498,3.885206418179062,4.965453135285993,9.05048661531778,9.994241798345127,21.06371690707015
93,1.866179334449562,3.0278298979127833,4.839210519357093,6.022223563663053,17.031959264979502
193,2.404102375646555,3.4695077787642674,5.9755719060223464,7.007775991999108,17.949339719172418
307,3.0872918347333287,4.069923058072014,7.043429607599536,8.000593816941516,18.915067051417058
398,3.644985351977335,4.378334078747315,7.9313663153065175,9.085868851146563,19.971524137150997
507,3.8573877631238824,5.1628938225643575,8.915659845154297,9.960552730657199,20.950123481280638
92,2.1860987040183613,3.069513989590436,5.0167107003140226,6.000009902185182,16.960644712675087
198,2.5129683909565275,3.419757280557719,6.003839400823865,6.830691518416906,18.090999578212124
291,3.040433547763061,3.8940494564154613,7.129873010864021,8.069573749851061,19.087814793533852
392,3.408770503681725,4.426747231617273,7.928504314990394,9.009796326447614,19.975362814158665
503,4.087552360717861,4.997171735129289,8.891333800897108,9.966196195909005,21.05917688235579
100,2.086337046184034,3.0067838513916936,4.969035028601194,5.954636361240832,17.126151925253552
196,2.46548352945502,3.2980072667843863,6.114602757501341,7.172622654563563,17.93328109152225
291,3.048925453507633,4.144194500580189,6.7162493558602625,7.911267054114423,18.926703110087622
407,3.568635355501453,4.448762575932331,7.998338965767409,9.077179617723566,20.10960699074774
493,3.9161107325974265,5.00558639398445,8.98941812425023,10.035625278870608,21.04253213083301
94,1.9320769346807045,2.7167674075015857,5.063732468302307,5.977061766814454,17.07034401331389
204,2.2085744010183057,3.581398086019774,6.161630004272192,6.975138414623332,18.215492867738313
302,3.052322318573703,4.012861745040497,6.8607264527833,8.062661363726306,18.968470334471387
390,3.3779679310056023,4.477434361928775,7.996544937604604,9.00455638811419,19.90589772993336
500,3.7982661201877588,5.138902436296276,8.838328662505198,10.062340713827991,21.02460836153164
98,1.9197719972860456,2.914383015933825,4.894489232451955,6.086143652563281,16.930050477983237
199,2.5718417423471642,3.5035566074032993,6.0822782780834,7.02513166482381,17.896293392643
298,2.9842253016768514,4.065230615161023,6.903734898808103,7.97686990570703,19.066536893503283
404,3.435833317986962,4.336866488958293,8.069276903184885,8.942358042366516,19.920386319681352
509,4.166535191762353,5.048026050140592,9.110583306629472,10.14710346908171,20.904993650253388
99,2.0310346274844577,2.9943854868014794,4.903780105067834,6.1102289374929155,17.0494725180454
198,2.4392259859833945,3.62750930218817,6.032533929597499,6.885585085558294,18.004440721278634
300,2.8941474313542885,4.079087011220389,7.006385316502822,7.936220509488347,19.027385728039913
405,3.408161151127934,4.57887849831273,7.8861618611444255,8.945004978055952,19.871236780355446
499,4.0292892569154715,5.026308080171222,9.120994925855872,10.060985154379962,21.038136128135847
96,1.9899114624453929,3.0026204752774035,4.951152391988964,5.895387891493749,17.003400809622814
203,2.572282689498551,3.4696435674734083,6.159266999828288,7.047340741571246,17.863497820457336
294,3.011179915820339,3.991908266233731,7.001934407081175,8.029094736433949,19.070149478192473
408,3.600715720059667,4.1829574264121945,7.881103658046504,9.095783963110827,20.05188711804401
500,4.051799477639145,5.021060083929764,8.995011984587189,9.920911820830543,21.049580502102756
109,2.205860174640031,3.0080250989711774,4.9409112637569175,6.061775017808729,17.115434957476552
194,2.5253967960900945,3.4071523969624447,6.02882291303453,6.8692395519319644,17.984725543218747
297,2.941452500877593,3.987756518719659,6.907652758315817,7.817044495356754,18.923063895127196
390,3.5770641225646376,4.503080469749044,7.8841005399476005,8.899125795460343,20.014858622908307
497,3.9872321927694405,4.987165132426313,9.070953617072645,9.98717010055268,20.98859838847504
100,1.8618992692547003,3.0080306457069454,5.021550702318411,6.021964516028304,16.898507730834165
206,2.4406283941464637,3.43411487502027,6.020501477287093,6.968939308510043,17.962754568795074
303,3.110826682282893,4.067982034582897,7.080055388808675,7.979926508199801,19.0670348702902
409,3.4431943712338535,4.513751957272368,8.258380684881766,8.874387070538955,19.976267469620346
508,4.107518039697373,5.039826777217932,9.124879190054957,10.066454354255322,20.950771200947074
107,1.9989322135733356,2.9420926899080597,4.89337832789563,5.95475194400136,16.84168126710303
200,2.3643261932743806,3.4934502919160275,6.237900901340209,6.869315014254499,18.01144759597955
293,3.095300159276598,3.839665409034126,7.055430731095761,7.970117961257434,19.157341214752584
405,3.4075707541144133,4.600131624520996,8.096241640828307,8.902184065547443,20.055813672302644
506,4.0224355557743126,4.90385020016286,9.04588913963619,9.908188482756549,20.98942096121483
103,1.9959428127189849,2.918951141762668,5.160129833177759,5.9843636862563425,17.03929637526178
207,2.462164811740023,3.4535340547795457,5.9801515541484935,7.140353533195418,18.004722809229815
294,3.014531805532574,3.916527969055019,6.9118103378456865,7.918763810571248,18.872158007764284
398,3.505053634279291,4.355084947688711,8.018685970223206,8.971303036348763,20.23380114042063
492,4.148980263157135,5.024778718105209,9.058911817877265,10.029598790484297,20.97640300849539
92,2.0870746644588403,2.9173888008285456,5.019091652414371,6.136011590018032,16.865992792887607
200,2.594881309647162,3.43129859003005,5.996366939195766,6.875545749991527,18.043221669075926
301,3.0130690024464384,3.8649444035657017,7.014693529838668,8.02328680874269,18.931861976493042
401,3.485847424663305,4.492412854931498,7.947786842998001,8.939199385706267,20.09678260240252
492,3.9524204555995097,4.831533242277361,9.307686037018051,9.89855202732926,21.099378221453044
91,2.1373914385211448,2.828554594627484,5.104577915160236,6.269275816252373,17.119186850630868
197,2.404451350272881,3.5156844243691476,6.033446006409701,7.082716031186521,18.004873915402875
304,3.036933102115613,3.801440368409798,7.067539073529299,7.8827016148534605,18.77759801776387
404,3.5121046949880683,4.482442910552342,7.970099503791754,8.8265336078467,19.98227065768101
500,4.049658167054993,5.065793629275308,8.949083223007504,9.953493055093642,20.999759844975145
101,2.1351114089986716,3.141418728833109,4.870943857805378,6.112237421870316,17.098268314276993
204,2.6292745289518207,3.5447393937068976,5.985674108463581,6.954023538416952,17.8599929276817
299,3.166373283214347,3.949876589220979,7.109654711823025,8.05433908278718,19.058726241346417
409,3.530524312653135,4.4551457163472135,7.780874614883472,9.000314772690633,19.979437214635674
508,4.058739169980601,5.023855495377374,9.153448210179452,10.122999036843868,21.00828325705181
91,1.9271828099030184,3.0789919722180854,5.106008973990867,5.987665593595389,17.111924491756408
201,2.461432736902215,3.5969569025752905,5.994847707147535,7.030904744303266,17.970554424241197
297,3.0434502646091306,4.032685540061044,7.050309036862375,7.934431228053856,19.14527555451262
394,3.524020584394622,4.361070126978901,7.968125168475387,8.976428875514333,20.15287478505409
490,4.125313282476824,4.98043014688531,8.897018815145815,9.906053675801402,20.991895403527824
95,2.1378469627461505,3.0887079776446287,4.977895753646295,6.068322301478881,17.071141057946548
197,2.5115824587226947,3.5286774112382586,6.006936980265807,6.988519775124094,18.311291020104385
294,3.038960452409199,3.9852794721314404,7.01925969187313,8.056677172618418,19.08080361894021
397,3.2779578991064873,4.556484235860013,8.2392109635274,8.934262744600527,19.915193440196948
491,3.880203357078274,5.163579780613581,8.790064373558097,9.995103496914155,20.957624031797728
93,1.9546585891616146,3.1598321807641034,4.94882364420577,5.994209225012309,16.87654880015776
201,2.6048482651050593,3.5733547813505866,5.789525049428098,6.926488319927541,17.89680337161528
292,3.048777482108434,4.000878365489815,7.204217791053473,7.981407551905123,18.95597407956136
402,3.4265766678028964,4.476231668303901,8.01553249991994,8.840060523780569,20.128807572485236
509,3.985847036266215,5.007660907045166,9.039814726512255,10.227708649805331,21.001450899926265
101,2.0291044032861647,3.136240193543841,5.074219498006911,6.137867141730359,17.081331607260175
194,2.700422877427041,3.5309968660984703,5.94789980609928,6.98233782460396,17.989054540116268
298,3.0611757575961316,4.052184510961212,7.188538231601464,7.888702268886184,19.17319246823224
397,3.66380469445366,4.5255517756641375,7.907198703231173,9.115552958928236,19.788299194779366
505,4.104306137729481,5.000434086504952,9.081138811991716,10.020339531005025,21.037617755128373
105,2.13417494837516,2.8729620528791595,5.022671168634057,5.956279255305211,17.06512750441187
206,2.5129461935125197,3.4561066027655998,6.030643883425517,6.837421840192482,18.15436977609924
305,2.801433664419644,3.809793035145356,7.00032098677635,7.922758500898941,19.008538861013495
408,3.593998081809282,4.375011068876096,7.930713487652799,9.088954123116903,20.174237608470253
497,3.9610457205416845,5.014294961011539,8.994554086053943,10.158829415205494,21.20544884403286
98,2.0086430189087543,2.997339489496302,5.045206401015162,5.916978328110773,17.005760222600525
205,2.45758961844159,3.620459457936839,5.879078546951682,7.031311176857389,17.93281325891162
303,3.0491915538151386,4.018253809688267,6.950027950058021,8.012983191628804,19.070612854910934
397,3.5041125068641876,4.562695474825613,7.989733139143407,9.08063654246577,20.119074611602525
509,3.9264551079607957,4.972294689972091,8.872366407937346,9.939948898181484,21.04833248272528
98,2.1061194276276582,2.8561085305663845,4.945140456333076,6.017059879446285,16.986197672455024
204,2.5727711933871555,3.6332818794356267,6.12567768783609,6.964039029578221,17.891476134297598
291,3.221529553096338,4.039849735030557,6.997164107074263,7.941224444750034,18.972876385866712
393,3.5843863832178364,4.492021565456732,7.948832144112975,8.861784403072454,20.054913205596563
494,4.092563568678835,4.967236187593176,8.922845319526989,10.09593573595045,21.002884087160332
96,2.014959795751879,3.0453585523509217,4.93076492257662,5.95925398927084,17.074661136460215
190,2.509782717470792,3.3417776833253523,5.934096072511135,7.090796231362705,18.032557781678708
296,3.043600577522258,4.005022769916568,6.94258993247164,8.01234798091646,19.227582542764765
400,3.584383950964174,4.547950754800161,8.053641389989135,8.987571422283755,19.914777535700267
498,4.039263411565097,5.072894119457045,9.10338810549242,9.978861577018202,21.051810170202998
94,1.9470798990188487,3.2551174252502646,4.944630484686453,5.793955696259091,17.02265053521153
196,2.383234821788357,3.5650222393406943,5.885114859007071,7.109096667451942,17.921252469511224
298,3.000914067582263,3.911857509383265,7.025607987866602,8.155380050108768,18.860564433333078
390,3.3069147060746995,4.6404165940100395,8.136862962209714,8.800491953358527,20.099175034544654
490,3.9325709707415117,4.900795643922287,8.900099376744015,10.046005434144645,21.01790705314572
90,1.8074541781663107,2.8714044607709552,5.0787138554003475,6.007559948945094,16.936671481465385
191,2.425106730673956,3.554932754611693,5.978895939258533,7.010355994223943,18.058607903434037
304,2.902133716674383,3.9091252419090274,6.9878871874055815,7.852015151956203,19.019717974380562
399,3.600625777300289,4.464927351749164,8.090748758622148,8.830998944993107,19.922722560650563
507,3.926090738432153,5.23811439008817,9.066287043010464,9.98231777242265,21.016319845949635
107,1.9581767214445076,2.9632841480046137,4.974796126341372,5.942671737742307,17.082648087036027
198,2.5242246983931627,3.4816665656499217,6.0755996052776915,6.849387452231117,17.99946085002731
304,2.8078899246867035,4.125386688882375,7.008676420557899,7.890324283297068,18.910638549834395
397,3.618185933810928,4.420456205236303,8.22331938466512,9.071312810769452,20.089841867162715
508,4.064220977231126,5.129418534966229,8.911260760989247,10.160016363886506,20.905139809481415
95,1.9720401713255185,3.2557730919268995,5.126531598099063,6.066136946318615,17.193961190860744
204,2.363762048017049,3.543523813718513,5.952142530848748,6.9329113264109195,18.128739264865832
307,2.8513039918963736,4.167204688200434,6.954129213046164,8.088910277858298,19.106972929020046
407,3.309099049644203,4.613357329078902,7.979140767406369,9.087474408303146,20.006615337454324
496,4.063295783260999,4.9481663990125915,8.983880197767286,10.034296353244448,21.03517661378143
92,2.052380736308775,2.963347081759293,4.985444330146362,5.951853922346731,16.91814013006092
200,2.6041447216883356,3.6310760527363355,6.1246545593231065,6.859671340334689,17.931321856614844
294,2.8838881143843165,3.9009365609785984,6.840129713817107,8.036929647643,18.883511420110697
406,3.5605168649720493,4.400785221130678,7.848139673040914,9.043459416865678,19.71044423000221
496,3.940847332168248,5.1804834365643995,8.908705548442159,9.910185712216146,20.991495969385515
107,1.9178515143376325,2.9253151741007914,4.981981916862713,6.0093158779917655,16.839047901691902
201,2.483018031447684,3.6907297836426554,6.137147478214092,7.0175174949309005,17.930269084930096
299,2.849953228721698,3.856390848746494,6.90155445035359,7.903472366040044,18.818445837047467
400,3.4653290467124,4.47398246502044,7.954872946907047,8.99284165283975,20.053697569694375
496,4.097384625725982,4.9343570036385875,9.065450575272314,10.113157845153953,21.12254705453145
91,1.9816590012707958,3.0917489895784893,4.815542376888941,5.977958307250179,16.84633610990504
198,2.434970300721131,3.7727359702409498,6.124953072365173,6.892080305510571,18.019405506638375
306,3.015204933102298,3.85379664832324,7.042117322658195,8.216310094268062,19.109242200229435
390,3.504239498673879,4.568686212728644,8.079980629282016,9.114455034574439,19.826494639456406
508,4.045497616911902,5.009830770838829,8.830058105490231,9.931903221671455,20.906822532900684
109,1.8192958605068184,2.907244666918827,4.951111388095631,5.9932128618300515,17.06087355891244
190,2.472515469933021,3.4809759155586786,6.158894032844408,7.04316316296376,17.944286942742778
302,2.995373878273366,3.850255333139425,6.875775346645077,8.073967546811783,18.941358485111124
390,3.511410149222652,4.636322897513225,7.887441288596803,9.257199531749498,19.938022787174614
494,4.006188335288713,4.9696373927102,8.890377967513144,9.775056754579923,20.909123032919204
105,2.1684524834603454,2.964488343455689,4.85235363583782,6.006225985632933,16.87461951729
207,2.460001797217109,3.3700362330137583,6.045650233516779,6.9187534816317955,18.00039749565172
302,2.896985773477717,4.217705264748838,6.974943963138131,7.9142261119213,19.059247798412073
404,3.3921781829883697,4.387534496068406,7.93709432686416,8.84260857880056,20.020805503182405
501,4.037709022042678,5.109210296101933,9.01967423237657,10.030556438435704,20.927686870198276
91,1.9939879286137603,2.977179942049779,4.899741641025595,6.276869204825905,16.93227971199203
197,2.366379049951844,3.1868256166029747,5.995715194440461,7.0835829237828225,18.124978275781768
298,3.11586103667417,4.14576812003562,7.018646087513566,8.04205840470204,19.085221600657803
405,3.5116562349241947,4.550192315847707,7.97621793823939,9.131388562101398,19.936071418268593
491,4.212102360153244,5.0656907878960675,8.826563717474652,10.064419221103885,21.079001466828505
101,1.9759429967823918,2.9070466922755003,4.972347351960489,6.098189895636844,17.00419784333766
194,2.3764625092873115,3.507230236269013,6.013520708106366,6.903479810731667,17.9921484699165
300,3.1523226707178837,4.029894278613131,7.103356395506519,8.038383604345531,18.93544194574931
409,3.5779834114078684,4.525496700202269,7.883348769155911,9.090149877615804,20.0092356836764
492,4.115423022472277,5.029565740084672,9.15470501189054,9.876470667611432,20.93997134240372
91,1.9838190196150038,3.0754540780014903,4.912020256709212,6.103095664914634,17.186738990175254
199,2.501231115735136,3.599945785509538,5.854057774151685,7.061108456344555,18.100897919912992
302,2.980570894938447,3.991783911414335,6.798737808348023,8.029020122458503,18.95364683691508
398,3.4603681702804607,4.390336249197836,8.009945189691265,8.972863280453724,20.07815655538822
490,3.9332484974654878,5.179394933138683,8.978258361448477,10.110997727219766,20.959791027453278
109,1.8894932684140024,2.9772893992219074,5.025876980524393,5.876043771391976,16.93854612163089
208,2.4516382860444565,3.485824244597246,6.119553138808671,6.849712939131761,17.91436514817188
291,3.084178077478401,4.013556341641471,6.848103021918669,7.92540578735244,18.938836626330545
409,3.3948779970217497,4.5728518643514535,8.05045818144774,8.933845855748471,20.11186323341542
490,3.7468230683749186,5.063760581223121,9.062653836333695,10.075341946350242,21.001304337437695
98,2.13155082909401,2.9646314240432994,5.1223948753146,6.0468978078148465,16.982737086570918
202,2.5210496298921505,3.3767568760835998,5.980237953220404,6.950804309513051,18.06386771398803
308,2.9839580618024653,4.095246197053617,6.963475902251015,8.132805688898697,18.993642646081387
409,3.750090049793428,4.668918893365168,7.832883022750593,8.902723548324,19.85490721088888
506,3.8944360510201403,5.166992278140464,9.203587353518179,10.040662203422267,21.007557637267002
92,2.1048864141875363,3.1087710426157864,4.946690959798417,5.933185695167223,17.102305655525225
208,2.437548954491142,3.569161857512139,5.965593604329578,7.019337945192416,18.164354150912054
298,3.074698084010471,4.027311843429365,6.962546584924975,7.865182295457251,19.039112787693274
407,3.5031491562261996,4.400178774148859,7.902007442521776,9.001568223647162,20.116750982298644
505,4.069007367633661,4.99972138893331,8.8042661410866,10.190026842431097,20.92760352695322
104,2.11861454740423,3.038265355147749,5.011339439196669,6.097031620178828,17.089866916033916
202,2.6540323979819886,3.612493254530324,6.045899400167429,7.04187599601275,18.003769657312393
291,2.944682275465273,3.825722802611896,6.981179756122718,8.022058353773737,19.065953146958915
408,3.4746048293602767,4.540943853064225,7.989641314659422,8.872904827890771,20.176651180032763
502,3.924613788630904,4.972332822828085,8.978612483244536,9.962142025678684,21.103860606920883
90,2.0093158337699744,3.0671397371341285,4.952200346791334,6.104692273965589,17.124051607961498
205,2.5319166776478275,3.617879632778552,6.084265771026107,6.869627536897493,17.7990265534694
306,3.0195672307635304,4.254346265965724,7.027161891947662,7.920265544436102,19.009439856347857
407,3.630279993051976,4.3993774152183525,7.918156768009607,8.905272491495818,19.90757792827248
500,4.259751712584445,5.013062740877501,9.001094781634704,10.03263965554869,21.100540277483
109,1.9823887566040137,2.9194200345115795,4.994522163966118,5.856374613507188,17.249741512641986
191,2.508298741881251,3.6010274586836015,5.907758701515605,7.069392323319126,18.004600638673633
295,2.9869074194873875,3.995563854448844,7.000736268142357,8.071658933975964,18.935888573977536
407,3.6128239783268836,4.637846735545381,7.8521453063001205,8.826973726951566,20.282433059100306
508,3.912415759350489,4.9328487793019455,8.951236657904504,10.133388574550057,20.86810315016975
96,2.0020106466869096,2.942339822325703,5.142375407530728,6.117925933461013,16.9623433378509
192,2.485105270510028,3.426204144367498,5.946444292030121,7.200268276640859,18.06291750910507
293,3.050865780427984,3.8283516823255552,6.924256922524721,8.02853993767217,18.96851246679369
398,3.5056580189305455,4.362835535604612,7.881871319332717,9.013999374263644,19.983771755283257
494,3.8879187893111022,4.97889313301148,9.003053649499535,9.945652689274645,20.99746527252496
96,1.922654415596657,3.039804821650926,5.0555941451645845,5.939616170250681,17.013585942408167
199,2.689873498135524,3.539457998548422,5.809505554598936,6.955203866155003,17.994749493146134
298,3.0087016480392386,3.957424439534841,6.956612653702081,7.878519386411136,18.985512143805213
392,3.39638564280248,4.5450495723778035,8.17221550978082,8.779171922377175,20.00430408708504
503,4.085673742147046,4.973824170977891,8.92329325445997,9.976941360147638,21.102284147155075
102,1.9809553814070784,3.002041716721292,5.020228040762122,6.13909723580014,16.96685686287185
190,2.437185626083082,3.3534326142657904,5.998210502299165,6.864402965514004,17.94813332803788
290,3.0098933787028885,3.82309496962606,6.9023599951336205,7.980421472903142,19.085320154505155
404,3.533835744193596,4.536674640789226,7.995474569803567,8.895772841195274,20.002943059167755
490,3.9007421993271176,4.961612525866922,8.876689869498515,10.05704211733608,21.051664444593598
105,1.9270130413537407,3.0183446576218134,4.858920030637295,5.872548089269263,17.281598590372273
200,2.697439674448003,3.442520358239552,6.0364108544242665,7.067874260171874,17.760921784567476
309,2.8441927264146485,3.9383366440144547,6.781550726494819,8.005138541062433,18.967049619936386
395,3.7833495611894272,4.421517009656736,8.027352877114176,9.159842645535784,19.830143028937705
505,3.9609363469248646,5.060125796204364,9.08491426059322,9.91447936176889,21.185105417684976
108,1.9738299006184163,3.0295232575040605,5.013674664739923,6.110321757205366,17.068416320860894
194,2.809829943407126,3.4761766324944383,5.769578806405604,7.14419424019526,17.918524399717644
303,2.9741824861968564,3.958948151727027,6.963899077674743,8.021896391585598,19.01761504518877
406,3.5510124361250073,4.681889853220032,8.270302756440508,8.915817836813185,19.875017966041064
492,3.935063518038612,5.1177184963184335,8.976933833336028,9.756468766821712,20.97347624595298
107,2.0565124367352605,3.0212036511882925,4.973721703804938,5.881414422513767,16.94639814212196
191,2.468927315005553,3.5350747697047655,6.0221175978729455,7.265700382097562,17.979092008192378
307,2.997731112521021,3.8755371532841774,7.09303688911586,8.013818604776862,18.986320176001463
407,3.4928696132333794,4.66320424999623,7.853331358741411,8.882225435240048,19.915204694343096
500,3.9598574452427893,5.0409797513073284,8.989493927351976,10.35994667806974,21.024735201749614
108,1.7789259833639974,2.867120489148436,5.259758340270576,6.128405624654094,17.150042043768813
209,2.406981753054243,3.4760872939898038,6.033806691213965,6.972367219985323,18.05730293360514
307,2.939060524340407,3.9055291790727593,7.064597216281954,8.007294737860578,19.045539817097822
400,3.5272272686085637,4.541155791725364,7.940068265670587,9.122297567012833,19.935181085293266
509,3.910107600986108,5.129869740031692,8.946262322577846,9.973137282811342,21.05091259950501
94,2.0981532875299123,2.8310887546029155,5.110066394492161,5.946656825338251,16.801018448120086
200,2.5274912710787505,3.571317236524861,5.961918696785428,6.750215288043272,17.932512150356988
298,2.8609105868741227,3.9771264973741247,7.119035202895641,8.031299630453482,18.98162667252332
392,3.4517658424787263,4.360940513906794,8.15721554799027,9.209157636977855,19.89020114325802
495,3.985713341465802,4.8552826406258935,9.102244827285592,9.996460992182618,20.743604603202012
90,1.9902149229784876,3.047636615646934,5.054601591835123,6.071235649329362,17.025664281714437
191,2.5429113465129114,3.367890031928557,6.04839545204221,6.892137652833092,17.996557350684927
290,3.079604757408575,4.111166475489206,7.00065180749789,8.051064899106514,18.845727449051786
394,3.4465404501347625,4.501096261711697,8.087861641060192,8.967212670353303,19.788633445744026
492,3.9227841529818517,4.988524159810163,8.932761169464975,9.86889139376308,20.984773616658252
99,1.9842157978959918,3.1322167146221127,4.9650148256221875,6.000072090693598,16.876333703331493
201,2.4463918204879147,3.63574613656833,5.979738323239568,7.09714218648162,17.957329363226922
290,3.2891702989956766,4.179167071052353,6.9707924698393455,8.067651655478098,19.01343281002679
399,3.5278358166445365,4.708799368251009,7.959624463282097,8.890134503687792,19.935169967265562
498,3.916051840872721,5.070771488286613,9.123993680728859,9.828282333013771,21.07030651467411
92,1.947231480558304,3.0408751348870293,4.845041893585484,6.147381233366588,16.978979229800686
208,2.3331997293508637,3.351797442798488,6.100051086775843,7.087206370693328,17.923726835292427
307,3.0209176650773393,3.8553098709191644,6.952426418778533,7.927731463339866,19.13863082688295
393,3.5475276871221464,4.625870945819827,8.09470139641596,8.833960953310536,20.094575985341244
497,4.196074395339812,4.919719698665086,8.908528049467058,10.230516385875415,21.118279654331257
106,2.016548939312256,2.877686118559058,4.897466610946755,5.897288257578122,17.10994870253331
201,2.6746153779551056,3.5306950750112525,6.055933732452767,6.856464408400892,17.981128840026017
302,3.049860481848723,3.8763001098637937,6.850163101453417,7.942064616716234,18.882248138409334
397,3.5753735637178448,4.471508765212254,8.114331982396157,8.80923881930432,20.02262633165688
505,4.0938723616238155,5.064016963612305,8.933556281789466,9.945160086089167,21.01378957758749
107,2.195660996258572,2.9682239105982604,4.941288472937985,5.857317342321866,17.081730620373833
201,2.5249450945930074,3.5116578512012464,5.836607704094071,7.006933716171535,18.095408510215663
298,3.039922819293933,4.107151593558104,6.957516865247436,8.086254348461518,19.121848021487168
398,3.7492183998600686,4.34934659698096,8.05024996961293,8.830502656148338,20.220201392465963
507,3.9724878571744955,4.803444410852349,8.910925113644774,10.082023239830598,20.964390795138094
96,1.9910188826426447,2.953280653572457,4.814639648303835,5.877976430077428,17.04067201996521
194,2.5032819285379317,3.447571393057279,6.020216537770789,7.164103183410003,17.888706792507694
294,3.076097677409183,3.9040185994354957,7.026597016781707,8.038025942607593,19.053363027901344
406,3.551330391056189,4.574940711477508,7.985565305725216,8.822630111692138,20.168092562300867
498,4.145868564321274,5.002175218401596,9.029665485295842,9.999410290066988,20.935563093945046
92,2.0428438695869944,3.0738823283450367,4.9523602239398485,5.923425468129374,17.03028832767193
193,2.416557126648235,3.6280332303871727,6.022525845349509,6.990558173786395,18.0398448045512
300,3.17369429430193,3.955556670707708,7.1579089456071205,7.986447373102113,19.024540406120583
404,3.3927941938156962,4.48573458019108,7.870316615283203,9.077231458444071,20.07033130614576
490,4.130234074485376,5.005504255728105,8.934278829178892,10.003372310292137,20.987767661786727
100,1.8431524433918647,3.0128218728593295,4.905852544759445,6.099670137423952,16.970521695671337
197,2.3863099191404347,3.382275625250542,5.791042976283019,7.187884670933146,18.003611437848964
293,3.017607928893138,4.027848508054475,7.13168556596199,8.072008065214895,19.014486363785917
400,3.6032775752558424,4.417478532663985,7.977358326865474,9.01030016162036,19.921337474319685
497,4.176977713262536,5.039219162119455,9.004966033381658,10.046287287611325,21.002117358687787
108,2.036710185250393,3.018506783045196,4.896190948293276,5.8528626151918495,17.05684807718063
202,2.570255089771818,3.560441316256368,6.107221718484882,6.932758248929481,18.083554275704596
304,3.1342670109412603,4.090361275829431,6.969454338826077,8.011737636321932,18.935905240044466
390,3.460316896613049,4.36183343731063,8.202758197332471,9.051518986419348,20.196915721205915
505,4.158092524294676,4.899510280737307,9.000337597489226,9.901516227191763,20.946734097664944
104,1.9841462307583544,3.0871524386087934,5.113594784594382,6.0132497143495645,16.98429751715553
201,2.4081980938361034,3.374880086336632,5.984600233480217,6.961851058517591,17.878983905658583
294,3.0092376791639923,3.846748172317034,6.983804518305868,7.867950655659497,19.15914003677628
394,3.3435377872664196,4.657943789169486,8.043841269949665,9.03374820747264,20.08767141863861
507,4.014342656685749,4.9388240360495415,8.911600114325356,9.973669219312209,21.096415588417198
92,1.9694555297558318,3.032075985811614,5.003781943583209,5.837631525460525,16.868357099446385
202,2.589583629235397,3.416016212921961,5.808688383565531,6.929980981692658,17.97169056030864
292,3.047148555202723,4.06741389350078,7.147437007199601,8.004055843487185,18.871671060141615
400,3.5487316483218914,4.449939699533668,8.07970989969117,8.973689522897478,20.137138732388326
491,3.9638890880782056,4.887849043969963,9.03369698502478,9.831143503455253,21.049453835940582
96,2.2291911266818687,3.012918747333171,4.952344857678076,5.880333440771561,16.991291527385684
198,2.686746200416135,3.4936726040103085,5.869541055619953,6.973443948748145,18.1879874549421
297,2.883793417974372,3.9340251358746032,6.910640498628088,8.137010185361037,19.05207561203587
392,3.6582116751303566,4.598385234360615,7.83586198843979,9.11992995729216,19.967219354012347
506,3.9600534509527145,5.012588653057666,9.001222354841516,9.996772310589739,20.857398188287956
102,2.0393873218164744,3.101977652718829,4.893575528806678,6.037140403442303,17.140637040501648
201,2.4543502701531636,3.263130879314784,5.914723783476635,7.049537981532849,17.877451152078116
290,3.1284437052777383,4.079165420609352,7.056242373013117,8.039311465605804,18.91599399644582
408,3.604384544217267,4.388123383718615,8.065895413478104,8.95954450824416,20.00272556323606
505,3.9978654697827585,5.176702449439587,8.955366792123282,10.050521102408569,20.894377595933197
95,1.8833934124062204,2.9519072693289012,5.047929535619106,5.987613589182319,16.966988507669726
204,2.5593428888848537,3.523049540508972,6.145966723330426,6.893578984615993,18.15870941590326
305,3.0627291201285463,3.949796012318774,7.064407707445845,7.823428981304998,18.982348756691852
405,3.6111698535644106,4.557091198380782,8.015389111148142,9.046375612773106,19.804622801888698
499,3.897560262539582,5.049793288748393,8.980646451340347,10.122363293756306,21.09182492537296
97,1.9520711762761855,3.10314304379956,4.912988666259442,5.967248917991945,16.937800585882236
198,2.5534401001293885,3.3957002975843458,6.027255441351928,7.111039738385745,18.093776535436316
301,3.006936783303009,3.9103970785694,6.936147561204558,7.7531475319875,18.90409760331592
400,3.3621540893787776,4.607355735803291,8.016104213140599,9.055475075443525,19.934001645433636
491,4.073034418055177,4.979155843743073,8.958679332915365,10.09454507782665,20.922483295640898
109,2.1195976462483705,3.1123039297631467,4.9720075457677995,6.180759032219231,16.834582355977233
199,2.4655678798230003,3.371737056807306,5.950897030192201,7.029953250304321,17.896552864298247
298,3.0138832082717815,4.071707903699616,6.959802902794304,7.942373807097173,18.988457969879757
409,3.345257787163085,4.5177778138584985,8.092974022481116,9.097336595248562,19.84163920655798
508,3.9462423058999256,4.976404451397682,8.956795618575523,10.062389594307657,21.20905299019716
109,2.082223218203934,2.96544721267273,5.040239909719701,6.072761368367614,17.089228700972512
193,2.4488197533994827,3.5172782622358247,6.076078217185285,7.084607567469172,17.95730940432562
304,3.056391740310482,3.8779488464729996,7.005802853145521,7.987344044018066,19.05533824463017
394,3.447834658629435,4.405282295195195,7.985971975175726,9.095537655627831,19.935067227430412
498,3.9634770586285506,5.168092369879589,9.045713094609528,9.753378321117038,20.86733054699222
109,2.1499723206256167,3.069957350285189,5.147813971390053,5.961999576096429,17.1320926830362
195,2.445157871454306,3.54953668839711,6.101323788743499,7.119305168808355,18.0426775923808
300,2.969113757760341,3.987589134606253,7.029405039668672,7.916103300160659,18.925061260005513
392,3.4527059357071574,4.365937714092211,7.961554794288156,9.092366928229698,19.9690687586498
509,4.059861887391439,4.96805594191895,8.998638152266548,9.947079742834124,21.071164060672334
93,1.950085717642594,2.9847702021505853,4.963589377861079,5.976690307896285,16.913943021057744
208,2.5359649157882114,3.4359316363292227,6.096604079805736,7.054812632872729,17.858306359152436
291,3.008292055930958,4.0044818197100165,7.1357324661926445,8.022776700140486,18.833165511189126
398,3.6482299486152914,4.5533273602783595,8.049351603520288,8.83510241621087,19.978389562881667
501,3.896752103210513,4.9348192621926295,8.986203690125684,10.05723852323079,20.89834756378174
98,2.153300395072694,3.0260060638112822,4.876107634643724,5.878189139204962,17.14091783936026
206,2.621273751426243,3.459799538366128,5.879400865647494,7.047724920267695,17.951257178749007
304,2.9374788970950862,4.072122654374874,6.9293235210347595,8.149274704444103,19.063215981936413
396,3.4275066798597864,4.355751707440706,8.036328727634398,9.063885043420202,19.990836920644483
508,4.066867662535132,5.011500152785246,8.932476299111537,10.180179872459364,21.106209978119807
109,1.990818844273643,3.1037181405649052,4.7972322728329155,5.977199427319028,16.909335145484572
196,2.512936800670382,3.4089513296468477,5.911395975302162,6.859302253789601,18.095799394148003
305,2.76192608944765,3.9755971647828865,6.966742062015013,8.04022680772013,19.066354561849842
394,3.3170318184791916,4.52947192529023,8.070314019723606,9.13209957895407,19.89739191558044
501,4.061596700604684,5.06932176016587,9.24984304837215,10.01080141209795,21.038142561753435
106,2.1906130736373988,2.953475294736573,4.961951091715611,5.994437918955828,17.13507610933992
207,2.4516682069486007,3.560244541290941,5.918320264004831,6.996625437820196,17.991495835574117
307,3.1396554489747515,4.057827579824355,6.998821863785767,7.99128333729135,18.888437508751007
391,3.383414523198458,4.409938040677202,7.852315583863748,9.164685008669178,19.99840205571161
502,3.988936350072442,5.065819217398442,9.093130634998877,10.151887768882982,21.031440042072717
99,2.081261030389328,3.0501171264488667,4.933910566301382,6.048377883400278,16.950812130795036
208,2.5895525537416972,3.501109522031958,6.037173602801205,7.055133421608974,17.909608783483733
306,2.8259632174385514,3.9550892531170683,7.107843074419871,8.087845357299845,18.82015860786422
398,3.480263239299051,4.520222587459196,7.977752186670014,8.898562504401806,19.67455210587023
502,4.116720908364716,5.057724837237553,9.006812285014066,9.94710774976147,21.119545271175298
107,2.039120932723739,2.9252544346041787,5.0685290084710966,6.1471585082569895,17.021838898754417
202,2.5581781770628362,3.4719497946588382,6.140200932591912,6.997814325255788,18.12888634252063
307,2.998377688240406,3.8597133842792144,6.969711475620101,8.070723137380428,18.986699683606993
392,3.6156833781036988,4.4891861009608585,8.134609979451426,9.147511236430985,19.867910771749383
492,4.039739702345924,5.111210061922134,8.980669577355203,9.98065723714188,21.21430070545849
103,1.9530235535662863,2.992641581011959,5.13248284219901,6.081102579803248,16.82011213407261
205,2.6602910231073635,3.597729424309148,5.9290575160406505,7.229056501762193,17.954402878201947
300,2.9937146502909657,3.9590251293464456,6.991696056362101,7.815095880413254,18.902861872294594
409,3.45374145279335,4.601763692545367,8.194777007893626,8.972044436202843,20.085768546835084
498,4.10147566240032,5.0979767216941365,8.975358792089555,10.000187018389187,20.82673526448724
101,2.0204414371501414,3.1645381832707136,5.013617467474783,5.837753466910744,17.15147146124944
206,2.4209829869141517,3.6126347532434977,6.070517332190971,6.9086206648416475,18.04106745854198
301,3.0918031468679987,3.984257866622659,6.7769679575226975,7.7870672948830775,19.02328606119646
402,3.568706706963612,4.499873214651251,8.188080351879332,8.890976491981425,19.88648954787843
501,4.0723348218864,5.060093838071173,9.006102858355632,9.985775157136022,20.91755146943465
104,1.9253072306627805,3.1222948554790846,5.029855328105765,6.0272796624531795,17.038232188776167
195,2.4979130736937787,3.410746540161102,5.84562599139009,7.079399050950107,18.04480361960485
293,2.8256260297050035,3.9465899398692037,7.056718420946178,8.037625985605718,18.960571894993304
397,3.3699566419628306,4.52111242267826,7.91912219177626,9.020764349985036,20.065450294878072
508,3.9662145932749207,4.8331235043939,8.905795085978518,10.022180220941722,20.92018097748188
102,2.090909968654759,3.01204663523415,4.8248562002796165,5.876613668954136,17.021419440388424
197,2.3439461711987395,3.465810662389199,5.9231781391918705,6.8915487543613985,18.05538907653437
306,3.094169674230572,3.891048522472338,7.008952205076065,7.977914784119513,19.101586487388015
403,3.6176456022364265,4.400196403813296,8.00672034527102,9.212979714308327,20.067561865092898
496,4.150472129338845,4.997439332544428,8.903060624662917,10.106033908606728,20.969179002657274
106,1.915441179342846,2.9836692044998494,4.760739185180274,6.073028381930697,17.14596548295855
208,2.388193957201817,3.6185829198742177,5.995393859587553,7.024100025339725,17.916948770172247
307,3.1163525859626326,3.88403793884602,6.960645368012681,8.004056454809536,18.959791852487594
400,3.491937119155019,4.474454956861848,8.068466123054375,8.96572893785201,19.99244900274332
496,4.079961162605624,5.121645977789912,9.106991343541097,10.020997262152463,21.10009326791957
101,2.0568273377152786,3.1197168027247852,5.168149245741802,6.050968307724233,16.828939664556348
190,2.6086380711205837,3.4192408659901705,5.911613110485927,7.081170557161326,17.960690979929854
309,3.0333369851260876,3.977652749476306,7.014729800038908,8.033191844770789,18.843201173443973
394,3.2507189500604645,4.395516368609693,7.931950595223595,9.293540620638847,19.8507537729994
495,3.9500861048529634,5.178392259520177,9.061494463903138,9.897207623498925,20.899868534580204
92,1.9077811094568373,2.933338741701915,5.141820848949764,5.87576897221238,17.054756034662102
207,2.3722308980247737,3.4683143710072377,5.918033598381279,6.829919597515217,17.996603677412573
295,3.09880289179396,4.037107417432344,6.956053173000979,7.999939364912771,19.10492148533668
400,3.4471160915379127,4.451311917883038,8.06410602694118,8.98961231030282,19.931898234514733
507,3.9559724100444233,5.018073988743057,9.149729616718192,10.07001692961661,21.021158079207677
99,2.088152457097877,3.1619139071250437,5.043865481255375,5.752412820251195,17.02404363152036
209,2.515674633758591,3.423122720816526,6.048891884482735,7.039719933610764,18.13381154117717
298,3.023910929228082,4.027835679827918,6.874173042946015,7.973837116009198,19.000729508927595
404,3.4947561693467133,4.527299114282501,7.919109764829502,9.039907168857969,20.06689892181038
490,4.007176601751734,5.1141989228395754,8.88331115959364,10.00354892805355,20.969775631396594
102,2.082478812001226,2.9089675658071714,4.856626997518977,5.803546396189708,17.183389654602436
194,2.2649544147375638,3.569516524833014,5.916259427468451,6.8518854275378285,17.913207753724883
293,3.167286820189853,3.962436633928266,6.789311088537392,7.999763108386719,19.055713761840348
402,3.4136020150923923,4.369518310956705,7.85760418878024,8.945639310390694,20.074928255687944
498,3.987346742025294,5.044166256418606,9.017852916972048,10.199203663595931,20.94025211419756
99,1.982715432518589,3.010908297034983,4.942188654128436,5.91491159109611,17.252992774925197
204,2.456423550302938,3.5385970092568875,5.974199146380239,7.244122172247192,17.900640699606853
293,3.0442316868164485,3.8823355056099946,6.936377628734807,8.043712677973105,18.88795820810636
391,3.42492703929944,4.592809061099108,7.9434939526448805,9.0092055137312,19.92451338034281
492,3.8848002452420856,4.822951886222392,9.187107448230812,10.047624035338767,21.003214314696457
104,1.8274228875187426,3.1155927801881287,5.1100061005953465,6.036731416798448,16.819077474359226
200,2.6824999721849183,3.6052106822474634,5.888737831516711,6.958397242534913,17.89758069968223
297,3.0051108034876903,4.013173682644749,7.064409542224196,8.04287166016689,18.98595469005175
394,3.5518341586479503,4.506746648458479,7.9113677395004,9.000920165768646,19.83116458603196
491,4.071098901752686,5.040861098296889,9.185121352500147,9.983981303766758,20.941282370264236
92,2.0088408812076564,3.0373032891526286,4.879082318211735,5.9453603422949595,16.929575699351027
203,2.4646836041009426,3.4234582912786933,5.941475278203191,7.014821615405282,18.014806428144958
304,2.9881202736867865,4.062614967729564,7.143358006356829,7.981283076574254,19.089041752399527
391,3.660640075265113,4.558396990684783,7.931225553431273,8.915519471781833,20.0083156652714
508,4.017968635183317,5.048760866703871,9.156998802575464,9.916959102043032,20.996662176345446
101,2.12103780553423,2.908468084448788,4.993270212165644,5.862353714388339,16.994115191736714
195,2.5924196774442505,3.450899703909723,6.025646178453667,6.888008514429742,17.995577577061766
305,2.9246483158260035,3.838371559591193,6.9912525815274424,8.000030466934874,19.159569373349672
394,3.609697849800149,4.282742301884904,8.232925312410583,8.956457338244153,19.90839102928779
498,3.9476948721952603,4.9917464610679145,9.01684093432727,9.877152010283654,20.95822721940918
103,1.8785841244965338,3.086911723698333,5.063799862906825,5.86792060571853,17.066947633750974
197,2.507727262767366,3.516431279780055,5.868114322415665,7.121866265914354,18.112476789123768
309,3.1031159984835672,3.973806963516325,6.925180418494229,8.012205887957274,18.88875648246402
403,3.6630901275632324,4.458266196012068,8.04179846345533,8.933779863287564,19.89751618370878
494,3.8513718269065222,4.8079068164105285,8.81833644295509,10.012599615430352,21.060834329867873
98,2.06404125685001,2.942154027112367,4.994845779139235,6.032099756368602,17.130944410140266
209,2.549888319476821,3.492250570010701,6.19120054690527,7.100223616670292,17.97231106442312
302,2.965785134887276,3.994156988100251,7.116406015258594,8.156025552953093,18.932827921074193
391,3.5195076925422604,4.582640331733052,8.134917904888871,8.804839708711711,19.87458390130044
493,4.053747870460643,4.893396782837232,9.002443184017803,9.868455869295016,20.94449832984559
106,2.0995290399522033,3.1122825493885276,4.958495539956236,6.052730969339956,17.14590223482919
202,2.442177983337908,3.4716418877858466,5.916030833963875,7.005236289720326,18.13404064201142
299,3.1113272312739393,3.950104887627408,6.924874440630533,8.007701399598377,19.08704491697413
390,3.5939158913144182,4.472064672458668,8.013894280970401,9.05928122348343,20.208541062209214
490,3.8928691672329023,4.999649427324132,8.983953644818296,10.141891807191268,21.043782376624357
99,2.032554581532207,3.0032356552826687,4.970766750024354,6.036788727715852,16.9313722375566
197,2.447351479099281,3.7176093210235965,6.161578815114834,6.956335352271457,18.097764484478844
306,3.0317611961433943,4.111012624380007,6.943706253716649,8.017685800814826,18.941486414367635
401,3.5120115812817416,4.529539175692864,7.983427036686454,8.958568310534838,19.914625367211926
506,4.012822938377354,4.919979272315178,8.97785966743856,10.131451069953172,20.929920725351007
94,1.8836023890476896,3.0310543579930935,5.038565695323699,6.013655324074419,16.85153644795152
202,2.4642080472407395,3.6140493982308257,6.013127136132966,7.145291364427387,17.93293009288525
309,3.0761621597598765,3.9363157089810135,7.066114695582545,7.781469117821757,19.051774332195052
390,3.5729352679744633,4.551357332800183,8.05991460868887,9.096692611386207,19.911387488418637
505,3.8568341084002733,4.885672039420546,8.864651639044885,10.160170509962908,21.136457918364535
97,2.1058896265756073,3.050032093245587,5.109588175347374,5.940603371944459,17.248867469583878
202,2.721844003530304,3.5892342441559486,6.205333881007768,7.008241792494598,17.88626360580486
300,2.9120117794550517,3.7006099907133567,7.096517728350589,8.083178327340123,18.967166388119033
398,3.645921783947199,4.5911206298082785,7.946279489864748,9.04480808241467,20.03163783625623
505,3.908608605523643,5.138456969104938,9.123901113441528,10.135113199185016,20.953680905669327
103,1.9779981972340326,2.9612370167336755,4.902069976971736,5.956661043331384,16.956421027037635
206,2.487259312761004,3.306503588275953,6.01633603549158,7.175319480206559,17.915855048587098
308,3.0102645528539664,3.985063850435036,7.13140749815246,7.963484738680179,18.952216014929622
390,3.470220384377604,4.263252234662672,7.9051251304732,8.915950701449331,19.9955393467817
490,4.06332253101151,5.035377063089139,9.106125625851211,10.068723845039528,21.134218013124485
93,1.8065912254540422,2.928475148118241,4.752136188087207,5.9530601837564525,17.07015384583584
191,2.4437794303779734,3.4305823264114648,5.834808181680821,7.153164246614904,18.078727298800118
297,3.0057697222165785,4.04109902028775,6.976106817854288,7.770605841515348,19.093111590839094
399,3.5724167240877165,4.552728653969195,7.949853057664153,9.030262763152981,19.93960201133928
505,3.822679259221095,5.01012277278349,9.0005370378836,10.082801040616348,20.889851624302306
102,1.9145506537261945,2.8660510633471343,5.108522226366163,6.060364573896074,16.958536949118596
207,2.459693413196328,3.4257613629569263,6.003855516878431,7.137461126757655,17.927569746579234
292,3.0272236725327386,3.988400292767847,6.951634136256243,8.035968084768632,19.031444459087485
390,3.4942729589177897,4.689788729265871,7.975327557588556,9.118707767874175,19.96410416148206
504,4.054806692470717,4.988618746158624,8.983158028797112,9.903521026237032,21.07297729370342
107,1.9068998288367558,3.072308003347646,4.981194008259965,6.023000278630559,16.848459536506915
201,2.511912109791789,3.705572132969825,6.062816985906895,6.836275181403534,17.9878851174863
296,2.955945454191988,3.940362016400959,7.161991528732655,8.110803820948306,19.143852577539285
404,3.296345762747823,4.354554973562199,8.038815309646418,9.117208616224916,19.94342463370265
492,4.13008080298972,5.099475528526442,9.016729890054552,10.053057002496253,21.118425305191366
97,2.173966525197045,2.833988874008624,4.8715203840068195,5.980582026273714,17.031837293951465
199,2.508528406873324,3.7026802368936904,5.998476195349991,7.126196711599636,18.028825157786933
299,2.822975582402451,4.2059917908414475,7.16393038833691,8.064666874658332,18.945856835492574
394,3.3913024746349394,4.387915284643443,8.107871905080302,9.040391558131573,19.922508346627275
499,3.8376231647950423,4.99912650241024,9.08086627654973,9.988459066180022,20.90030930396696
94,1.9067136888206406,2.998908431892655,5.103746110350897,6.0244750326684775,17.010025648704516
200,2.4379266253397445,3.492366919995923,6.0967973744274335,6.958311471994748,18.21051613809724
306,2.9305218525264833,3.906511330728663,7.093586882921985,8.00836993986155,18.87901878029421
394,3.529188002611632,4.477693018820929,8.043673255556483,9.021559968370587,20.07544756997707
509,4.137760744717431,5.119033634060937,9.0401207163483,10.063316860331605,20.995875629336094
103,2.0833637396803693,2.799442382708026,4.983876474532073,6.171418346662434,16.999103367423626
207,2.5169245404818965,3.5872932867575456,6.070754235093417,7.168659613602219,17.905257095493933
292,2.9675105185359776,4.242619281468307,6.974171133668488,7.9669830332059055,18.891273931572563
408,3.4933438451455543,4.548033504695348,8.086867527133919,8.99189761632612,20.124975757154797
492,4.043346565005564,4.971907337579222,8.982585928286976,9.997763113812166,21.108978701420416
103,2.107252071417727,3.1028610311303377,4.940339664509165,6.114971532922663,16.954953684911626
207,2.4844178944426183,3.4256140610877086,5.986593475036362,7.049316983423884,17.89921976684015
303,2.9934512461978384,3.885265848367867,6.89265392552973,7.995811994503493,18.888313402806705
394,3.3674501032004316,4.423105837510608,8.197928640550145,8.990633767511072,20.208637541755134
503,4.070388092782426,5.049549866914018,9.007319862816278,9.927475632336222,21.027891236508193
103,1.8665015092224535,3.101148518557621,4.9965492155815285,6.146401359680225,16.948745292034374
194,2.5869457629704824,3.4304283603837598,6.049477744461375,7.003075716368369,17.981264306681528
298,3.1308778438764335,4.232959780462148,6.843971750133555,7.963971080392037,19.054639912667525
393,3.5053830788713674,4.622307797864654,8.208208776790961,8.932569279664973,19.934067168316368
493,4.04262811806796,5.052402814720346,9.112889157344235,10.08135746088468,21.104394676398318
96,1.9982258922110145,3.1495124410196476,4.860102491131679,5.883467516813727,16.903927073619233
200,2.545386015695536,3.4963469650317855,6.029572562627075,6.848907227012631,17.9194701214412
293,3.1755612385101446,3.984793671833875,6.99993185905568,8.006684824964102,19.054894451776654
394,3.5208954452133154,4.5472088350630635,7.9210481160889685,9.090207702339558,20.166738521794258
495,4.082664744653707,5.065001910611817,8.993018960982232,9.965270926184663,21.07704561914273
100,2.037444122445183,3.0456599848698502,4.970497264788584,6.054002419698924,17.081622187255718
193,2.5901206780492307,3.5213561199689245,6.120658741980421,7.056751346128961,17.89414317217435
298,3.0845851184469004,3.9796683466170273,6.938036357608354,8.059522777183421,19.098392353724446
392,3.465785343687654,4.521156483319425,7.911868533767725,9.140729970653458,19.976323944196245
505,4.053166559593859,5.196754074619586,9.3276399345113,10.040781001461776,21.06717424821919
90,1.8284880045305303,3.0782027387574127,4.998953487094727,5.967346414746543,16.857712309218844
196,2.4773057533862075,3.4088382697846096,5.886582885472221,6.882907510619255,18.046127208431784
296,3.0400000005613568,3.998008160370027,7.102918043612797,8.020238337059869,18.907564266636964
409,3.728879066088029,4.475211988092133,7.82058564888014,8.844304891329353,19.95490059829707
496,3.8236763301096515,4.957168174220224,9.053976451282834,10.003971382171963,21.029394938794315
105,2.0193585339811704,3.009073213440222,5.173393480698734,5.9151767229831895,17.027226709880257
202,2.479232273336009,3.534380432353588,6.067155755750831,6.964609624498696,18.0205609312143
292,2.848099027467138,3.981648844042194,6.975357941316553,8.01761049760309,18.950964823248814
391,3.641354940467392,4.6354601054358024,7.976477000606871,9.125958124445223,19.828489985667712
505,3.93192229215827,4.877862908259125,8.778317849609616,10.203754562482896,20.93942134737948
99,1.9794498920253978,3.0878936161468458,5.091036181586491,6.173060135753472,16.901177958493847
206,2.4366675717962316,3.4016048740627953,5.938958805724754,7.1116462176359825,17.906589196319192
290,3.1979178251113822,3.9032926411727007,7.0362531521975304,7.927335931706732,19.047006047230486
407,3.324548742211108,4.598473327381968,7.948857752002158,8.982160396318557,20.227049456026123
499,3.778800616677793,4.950273141395354,8.908018772412971,10.147622679841128,21.005383155186745
109,2.0263040451345535,2.921022565932505,5.009471425185728,6.0594675591835,16.993596313823357
204,2.621543277012788,3.4203203589720763,5.9501505595963975,7.070640562443385,17.83168471939636
294,2.8636208511592143,4.022748088082566,6.956781418295027,7.872412438419386,18.912109295226166
402,3.539420584096125,4.562967017105179,7.92075296416421,8.91035633247184,19.861441848697794
495,3.993458554186456,5.00635962825443,8.948139834830497,9.928960197633081,21.040048213421013
91,1.9970325057667735,3.0988071112858138,5.04390582913203,5.899528244479857,16.871211684489857
194,2.4281045821144733,3.6645113992510403,5.988363903123742,7.126441586185188,18.005675005155563
291,2.928546293902195,3.9320800521567634,6.9499588489790485,8.04359927730642,18.821364487566004
409,3.5059600988974635,4.406199257596825,7.870298950323353,8.980846467726247,20.03460190261535
502,3.972575754279371,4.947809862531283,8.779111115719957,10.072978679655739,21.025951517604543
109,1.9970868951515006,2.96142430003767,4.921217625225356,6.054524242483421,17.154383830691454
197,2.476551776337312,3.4589084724209602,6.049027606566676,6.9740776118214525,17.97400554975274
306,2.996283367879027,3.9518304951259315,6.933857236168217,7.886079482838267,18.933203066192885
401,3.6225249004976714,4.39353673664477,7.952277611796664,9.00190813310791,20.197480079965334
501,4.076036542782139,5.135183823574539,8.988611923327703,9.923332820080837,21.073888970244248
95,1.9103225886195783,3.0124706903030467,4.996797243084136,6.042131979423243,16.86632147989163
202,2.474259139281504,3.4629936715494822,6.08902605314672,7.080777343129179,17.982563587974784
303,2.9945663520251293,4.064377538093793,7.105748927930218,8.011583194900956,18.932288605411948
399,3.4389132221792864,4.556194061651014,8.037090879063529,9.022860414557842,19.932607862233695
500,4.050587318220292,4.854620144925373,8.97667114382536,9.975019684566469,21.143383448916016
92,1.9871122621311246,2.9268745431187044,5.0235455795111115,5.891999739161787,16.91977281660655
208,2.449090619468843,3.4102340614724946,5.631163470857156,7.016279661809992,17.949536625771078
303,3.048535990755319,3.9362512565174987,6.919234944225323,8.149503030973584,18.91968891660467
405,3.4150895149009775,4.462459255351604,7.960843002264396,8.868703147005272,19.926814269158413
506,4.03056655686426,4.995117016406629,9.150506203860832,10.039397522586441,21.27219121479065
99,2.0844455872071666,3.096532666716113,4.963837189062746,5.955741070722584,17.204448155719994
196,2.3393743211598044,3.570433620985408,6.143557099316363,7.000772789317568,17.90027717125612
292,3.039495797032331,4.185204004481367,6.817159411915804,8.094531177123587,18.89409628779879
391,3.6072929614507347,4.4582216987486385,7.793162428456897,8.944743065388115,20.11037200137226
495,3.914660052596089,4.8902389017724275,9.008939527893162,9.812699416906938,20.96155108789585
106,2.109594358345795,3.0060490995211575,5.062350164092052,5.999992714808752,16.96286704649677
192,2.425786315746524,3.368806784511592,6.026037466850946,7.062309708364943,17.998383616538124
303,3.0143329089336657,3.95563887732254,7.053200077628873,7.880969121053374,18.970830205429607
392,3.4895043034890776,4.50302741544953,8.000246907614006,8.888917398341205,20.01599995457972
502,3.898531912643268,4.8572661810926645,8.884931641870823,9.975391561404889,21.122181801944937
102,2.0538388388597357,2.895731772370391,5.087744852207567,5.861251103560823,16.714809215921733
199,2.428896322954485,3.521264607619734,5.97497176668808,7.1617126841267975,18.047916821031983
307,2.949508515770577,3.829333042262525,7.118669138260305,7.958887284377061,19.09976197628079
405,3.565644718691047,4.468748212086513,8.007887302323805,9.14739497012264,20.132859273667112
494,3.804165908421306,4.9521734964342485,9.177645113080926,10.118523469988517,20.88233628142206
102,1.866021397155714,3.017301556284764,4.982759062600552,5.902046789006969,16.937840457444857
198,2.6246411301045756,3.625998523446222,5.826618640775334,7.12823454202351,17.990511424380692
296,3.038404197567554,4.085189943818432,6.943987593093341,8.29730752853703,19.027390600048182
401,3.6427623037307577,4.608176559877303,8.079039353863896,8.909727554542135,19.930266706141246
494,4.054273116454438,4.951195259934921,9.056418781759838,9.979411819795613,20.972308020592816
90,2.0087243198592777,2.916056760197374,5.047288313516274,5.977117269414336,16.962907648885018
206,2.4506963327372935,3.460223810865315,5.935813714394698,7.0044299661395275,17.821445270111816
298,3.0090281337752676,4.075346996176888,6.823559427923495,8.082370129737711,19.00135736593842
409,3.6847831028867626,4.4282263295952395,7.89286145361469,8.87727439913353,20.13162675515
502,3.989626576379864,4.996629390533748,8.914123349112703,10.067828687070717,21.088311455165847
105,2.259882290007458,2.9795644273354354,5.104005789079339,6.10152208918143,17.01061829194402
204,2.3275938189131966,3.470955851798885,5.898113004293326,7.010798392072523,17.936219130714008
308,3.06938234538591,4.044414517108725,6.977222902087637,8.260685916314976,18.99421633876224
409,3.6166528336221004,4.581575448665207,7.905998406787624,9.019340636718972,20.112778802711166
508,4.089134390160525,5.0602473436282365,8.961388722391385,10.005969188057973,21.011397066812776
102,1.9206540270116528,2.9296302453804657,4.925977061281997,6.125239937962876,16.90657576429
195,2.692337187972981,3.5640950608333397,5.7310957485241545,7.0289805741998395,17.859153516908474
294,3.06923145736407,4.062601360439567,6.987822687330683,8.050478111823917,18.917126199055872
394,3.3629298417027065,4.66649907000827,8.072532983198423,9.006812044071362,20.021362371758666
490,4.119482899462706,4.9462270249499545,9.086197383526947,10.07074548355529,20.869957533419477
105,1.9505809976933088,2.9779068275060387,5.06419471294437,5.992217856386353,17.065814303600256
201,2.5283844567302736,3.519112423383639,5.972973239563611,6.972404854830386,17.960471645198382
303,3.09625025919533,3.8850292527102592,7.021771820108716,7.963827616390661,19.15929640960274
407,3.6165594895144126,4.48063904889645,7.9175349659709315,8.993710613310014,20.146521050348138
507,3.994116714586848,5.074458639847313,9.070349214822503,9.955212235506805,20.91084565101455
91,2.006970426942928,3.078405603825036,4.881718449769571,5.897063731001136,16.920713639492767
204,2.478030397578355,3.537083020933621,6.008732870392165,7.157513732108791,18.076343818138948
290,2.9680023470648975,3.873611917092589,6.824215655060069,7.931334079082668,19.117418816505932
398,3.493170485270986,4.596802507587058,8.058950304987725,8.94884147947937,20.04785303141499
505,3.901751187710072,4.91885184630155,8.71611596692168,10.127366505413043,20.855510267703576
106,2.134008423268051,2.8739084650514997,4.989386099017533,6.028916164773995,16.866747008600406
195,2.4224111554705208,3.6223959909907135,6.121724064532657,7.180534373987848,18.051498982408717
299,2.8802102004272396,4.025035981707581,6.848538409480422,8.086908399150527,19.202596706583513
391,3.5370480245263756,4.502849314904509,7.844397641879958,9.05924427142241,19.975994234449146
495,3.895147531043181,5.004927399676531,8.90636184814121,9.992013306871547,20.943932663524606
92,1.9764756803609707,3.0388818910263713,4.972162703239211,5.9787910330079574,16.95427814606808
206,2.3659875104345214,3.382612667369397,6.077284783854372,7.054220300690905,17.93108882022782
299,2.951432125542495,4.111263430520331,7.078315988777701,7.9662122224526195,19.046769010385887
404,3.3512138296509377,4.492887970916966,8.033505435191216,9.00022316221624,20.131060591281347
495,3.887481389826884,5.008559470394452,9.056478910590764,9.97253562506337,21.117110197166955
106,1.968184149838207,2.8515395208080347,4.981030650654759,5.971537449574632,17.041156571916428
191,2.560073301514559,3.560826716634419,6.084958453104662,6.802791097335618,17.9058596830998
302,2.909378466795279,4.134593500783832,6.77814300340489,8.028802836830549,19.112096702361438
390,3.5141979913874004,4.482535205431837,8.241877777931347,8.855607445292625,20.080557470280617
508,4.031372318289691,5.136016813082802,9.149545824524296,10.044485353755748,21.097582333728855
108,2.0008857703668896,2.8430957988690455,5.145377095495852,5.981153096324937,16.908403824630003
202,2.4160560346148126,3.551021014824641,6.003491246882623,6.782901706484323,18.234466989530343
294,2.9631191751477926,4.130308827302795,6.985712177720871,7.842736248523375,19.07075230136661
395,3.7254536102107867,4.409562181984727,7.866394197012152,8.94384193848173,19.742265497700565
503,4.039200258344664,4.954315770331652,9.107056630848087,9.892715770683736,20.96856780887795
109,1.907107351753927,2.9159228110101374,5.120923064722394,6.220985566574846,16.996697473628043
204,2.4495871326348335,3.5220630804307165,5.997571350432997,7.03269945132701,17.94963497396244
309,2.9927142311158943,3.964791225254612,7.163896052759983,7.916487549602777,18.982762504254634
398,3.6889278795503997,4.532475823953354,8.090802266253618,9.165291305123041,20.07147317275177
492,4.0238171306139625,5.058056768703562,8.92925604551878,10.207777758519844,21.12778566550305
107,2.0570487330863574,3.0311488377057065,5.234029649804531,5.99742830351129,16.885601099867664
209,2.419860872973741,3.4791867903915743,6.075524299899057,6.783840386676147,17.929882134807634
293,2.9052796988840495,4.019796609997355,6.980307427742477,8.125576617526855,18.942784806707746
407,3.3558597812624575,4.623487901738634,7.9780397905774425,8.718338919998272,20.192562612746194
496,3.955864120848515,4.948251345167431,8.899187004322314,10.004175097336784,20.889674929452966
97,1.836639832581062,2.9759690931855163,4.882408648433037,5.960689716256045,16.98314436536162
191,2.525256749038184,3.7003206949269343,6.07705010183921,7.051101027877031,18.175730963981472
308,2.9683914658393724,4.022282263385851,7.071069599783486,7.991969939779606,19.118834726762152
405,3.574053991802889,4.491948848249742,8.1571578738949,9.086538513407376,20.001768433943106
496,3.996190041732604,4.914655907993196,9.047891159330282,10.133433182685204,21.067074327505793
102,2.0305496886980183,2.9535949833943986,4.873070525382744,5.903653526969531,16.91051412505103
195,2.3957271785657763,3.7249410221900274,6.13385796437177,6.817900254728477,17.89047609710881
294,3.102751059480088,4.10046722700762,6.8239838851773325,8.004747450437632,19.0029382352664
409,3.40440019349235,4.661260385891389,7.932831582915034,8.822025702583876,19.959556214752453
490,3.920713789306335,4.8186880144519755,9.205534134062786,10.123725007297292,21.02523491936808
98,2.066042093594131,3.000404195782316,4.99631110469311,5.9089357479912,16.955086825904555
191,2.4852639865243713,3.524883707875138,5.941570497031952,7.035697009739526,18.10627695995288
307,3.0031427009353844,3.942974680717191,6.838402366628294,7.994960004940098,18.807306371175443
390,3.482541227577224,4.614940929366624,7.913140356936429,9.232326698445473,19.851823277742053
501,4.1080720498886985,5.122438928680291,8.783290993847425,9.962894328519962,21.066384136125546
109,1.9804575797030628,2.813791056423137,5.015238993470217,5.933289737522934,16.974460502329382
202,2.454736473478418,3.598272695991142,6.084334523340463,6.979149112245446,17.95576248094678
290,3.017233600620363,4.052288131471373,6.9119419395096795,7.896538134089275,18.877163537685263
397,3.580226230744675,4.559394874020681,7.937945545015562,9.181993856731916,19.988989990877194
494,4.032995225607704,4.8807849272346635,9.086047912106759,10.052062276516855,21.066505808119004
97,1.951157866404362,2.8486635934958238,5.150395653362166,6.0450757627293,17.095837570464806
201,2.3448806163351748,3.3644294039763087,5.938740645105997,6.9995920528495965,17.92217221522597
290,3.046508184914276,3.8808785383317317,6.995343689869394,7.974654012124347,18.803172936581067
402,3.3173238006006427,4.42840500326065,8.04899173090725,8.85801843050979,19.968044935770468
506,4.081790364459792,5.0942075941099505,8.96706876362661,10.014904319792468,21.150977064480752
97,2.121194993548775,3.0757032065053975,5.013998209632136,6.068233878205966,17.00911248672534
195,2.452924490087522,3.474737513119736,6.0053897347033205,7.094657700357339,18.010769944910663
295,3.1121188142569904,3.675848617467088,6.867373783805085,8.060405164492161,19.099821765597174
393,3.660009784682048,4.529716002380822,8.05574085568512,8.958997058846109,20.064366875302248
496,4.152833156348625,4.99981712411559,9.063221631403184,9.99291631520839,21.207734343956997
109,1.8571809059192426,3.0376537979246785,4.945163912475326,6.008524307681108,16.892553617002
191,2.3136597254054436,3.667692299345755,6.00812203772516,6.980066838324754,17.963254993080383
299,2.855770017808958,3.883666032544885,7.023773625567986,7.958371586422022,19.054487505968957
408,3.5853587978276087,4.620417036916387,7.978945786042676,9.023834646571766,20.214285012372486
498,4.008721110688609,4.960367558585137,9.061031430106164,9.86433421725539,20.98406743641164
99,1.8225768708664236,2.9301023058750655,5.118886717793703,6.063538138121884,16.955595632453626
198,2.462882089998232,3.646557828974538,5.9525114124117,6.96394572079325,17.88014739261588
295,3.104173490791878,3.888363032489402,6.930037420128435,7.8794700785219804,19.029451598956804
409,3.5637481604836316,4.478971481487261,8.066166246538472,8.900973702973818,19.877527801604433
500,3.9667090670013323,4.849412351265769,8.857448462869787,9.931579990043826,20.76348775468617
94,1.9590659424781376,3.142732865159477,4.948136200251542,5.980456515347724,16.852334277648193
198,2.394388843081291,3.612168914238792,6.171836399576388,7.083648413796494,18.105780100754192
297,2.8119711589431216,4.022909483164638,6.981080981872492,7.893227742296146,18.94678561098269
396,3.397478091426257,4.467683233429751,7.991366214175327,8.924927966550719,19.96114317795088
497,4.011494177175913,5.026881235641215,8.778417757497934,10.079271101773367,20.88761215948744
91,2.0378046260427882,3.184200014953443,5.061989847376623,6.166675312854367,17.03748480783328
202,2.602704585217776,3.511139085350496,6.200010769188533,7.030722104429569,17.805866316192816
297,2.936917900609256,3.939200670283175,6.921724299112062,8.030613118900499,18.84927914341438
406,3.3479537417529115,4.463608843617252,8.238345703664686,9.184392574251529,20.04585549740189
493,3.7791627810987096,4.808666774985107,8.98835951005389,10.078270393860185,21.146778330537124
101,1.8399487020734946,3.035385385077834,4.989610971575239,6.24040044228307,16.81364439597072
195,2.4175147719987384,3.4477226720318703,6.2364471210320005,7.034862709945554,18.07881174334538
295,2.9392969416304053,3.9089018883949764,6.948021281196235,7.913092439139856,19.00338128223948
397,3.6093108014466115,4.61375810186616,7.872830177032089,8.981086338085158,20.070498377871793
504,4.122729780679258,4.871544759108394,8.823454197470182,9.933704418224035,21.000655048682585
