Time (sec),Proposed,DA,COA,PSO,GA
0,0.999995,0.999949,0.999948,0.999947,0.999946
10,0.997995,0.997949,0.997948,0.997947,0.997946
20,0.995995,0.995949,0.9959479999999999,0.995947,0.995946
30,0.993995,0.993949,0.9939479999999999,0.993947,0.993946
40,0.991995,0.991949,0.9919479999999999,0.991947,0.991946
50,0.989995,0.989949,0.9899479999999999,0.989947,0.989946
60,0.987995,0.987949,0.9879479999999999,0.987947,0.987946
70,0.985995,0.985949,0.9859479999999999,0.985947,0.985946
80,0.983995,0.983949,0.9839479999999999,0.983947,0.983946
90,0.981995,0.981949,0.9819479999999999,0.981947,0.981946
100,0.979995,0.979949,0.9799479999999999,0.979947,0.979946
110,0.977995,0.977949,0.9779479999999999,0.977947,0.977946
120,0.975995,0.975949,0.9759479999999999,0.975947,0.975946
130,0.9739949999999999,0.973949,0.9739479999999999,0.973947,0.973946
140,0.9719949999999999,0.971949,0.9719479999999999,0.971947,0.971946
150,0.9699949999999999,0.969949,0.9699479999999999,0.969947,0.969946
160,0.9679949999999999,0.967949,0.9679479999999999,0.967947,0.967946
170,0.9659949999999999,0.965949,0.9659479999999999,0.965947,0.965946
180,0.9639949999999999,0.963949,0.9639479999999999,0.963947,0.963946
190,0.9619949999999999,0.9619489999999999,0.9619479999999999,0.961947,0.961946
200,0.9599949999999999,0.9599489999999999,0.9599479999999999,0.959947,0.959946
210,0.9579949999999999,0.9579489999999999,0.9579479999999999,0.957947,0.957946
220,0.9559949999999999,0.9559489999999999,0.9559479999999999,0.955947,0.955946
230,0.9539949999999999,0.9539489999999999,0.9539479999999999,0.953947,0.953946
240,0.9519949999999999,0.9519489999999999,0.9519479999999999,0.951947,0.951946
250,0.9499949999999999,0.9499489999999999,0.9499479999999999,0.949947,0.949946
260,0.9479949999999999,0.9479489999999999,0.9479479999999999,0.947947,0.947946
270,0.9459949999999999,0.9459489999999999,0.9459479999999999,0.945947,0.945946
280,0.9439949999999999,0.9439489999999999,0.9439479999999999,0.943947,0.943946
290,0.9419949999999999,0.9419489999999999,0.9419479999999999,0.941947,0.941946
300,0.9399949999999999,0.9399489999999999,0.939948,0.9399470000000001,0.939946
310,0.9379949999999999,0.9379489999999999,0.937948,0.9379470000000001,0.937946
320,0.9359949999999999,0.9359489999999999,0.935948,0.9359470000000001,0.935946
330,0.9339949999999999,0.9339489999999999,0.933948,0.9339470000000001,0.9339459999999999
340,0.9319949999999999,0.9319489999999999,0.931948,0.9319470000000001,0.9319459999999999
350,0.9299949999999999,0.9299489999999999,0.929948,0.9299470000000001,0.9299459999999999
360,0.9279949999999999,0.9279489999999999,0.927948,0.9279470000000001,0.9279459999999999
370,0.925995,0.925949,0.925948,0.9259470000000001,0.925946
380,0.923995,0.923949,0.923948,0.9239470000000001,0.923946
390,0.921995,0.921949,0.921948,0.9219470000000001,0.921946
400,0.919995,0.919949,0.919948,0.9199470000000001,0.919946
410,0.917995,0.917949,0.917948,0.9179470000000001,0.917946
420,0.915995,0.915949,0.915948,0.9159470000000001,0.915946
430,0.913995,0.913949,0.913948,0.9139470000000001,0.913946
440,0.911995,0.911949,0.911948,0.9119470000000001,0.911946
450,0.909995,0.909949,0.909948,0.9099470000000001,0.909946
460,0.907995,0.907949,0.907948,0.9079470000000001,0.907946
470,0.905995,0.905949,0.905948,0.9059470000000001,0.905946
480,0.903995,0.903949,0.903948,0.9039470000000001,0.903946
490,0.901995,0.901949,0.901948,0.901947,0.901946
500,0.899995,0.899949,0.899948,0.899947,0.899946
510,0.897995,0.897949,0.897948,0.897947,0.897946
520,0.895995,0.895949,0.895948,0.895947,0.895946
530,0.893995,0.893949,0.893948,0.893947,0.893946
540,0.891995,0.891949,0.891948,0.891947,0.891946
550,0.889995,0.889949,0.889948,0.889947,0.889946
560,0.887995,0.887949,0.887948,0.887947,0.887946
570,0.885995,0.885949,0.885948,0.885947,0.885946
580,0.883995,0.883949,0.883948,0.883947,0.883946
590,0.881995,0.881949,0.881948,0.881947,0.881946
600,0.879995,0.879949,0.879948,0.879947,0.879946
610,0.877995,0.877949,0.877948,0.877947,0.877946
620,0.875995,0.875949,0.875948,0.875947,0.875946
630,0.873995,0.873949,0.873948,0.873947,0.873946
640,0.871995,0.871949,0.871948,0.871947,0.871946
650,0.869995,0.869949,0.8699479999999999,0.869947,0.869946
660,0.867995,0.867949,0.8679479999999999,0.867947,0.867946
670,0.865995,0.865949,0.8659479999999999,0.865947,0.865946
680,0.863995,0.863949,0.8639479999999999,0.863947,0.863946
690,0.861995,0.861949,0.8619479999999999,0.861947,0.861946
700,0.859995,0.859949,0.8599479999999999,0.859947,0.859946
710,0.857995,0.857949,0.8579479999999999,0.857947,0.857946
720,0.855995,0.855949,0.8559479999999999,0.855947,0.855946
730,0.853995,0.853949,0.8539479999999999,0.853947,0.853946
740,0.851995,0.851949,0.8519479999999999,0.851947,0.851946
750,0.849995,0.849949,0.8499479999999999,0.849947,0.849946
760,0.8479949999999999,0.847949,0.8479479999999999,0.847947,0.847946
770,0.8459949999999999,0.845949,0.8459479999999999,0.845947,0.845946
780,0.8439949999999999,0.843949,0.8439479999999999,0.843947,0.843946
790,0.8419949999999999,0.841949,0.8419479999999999,0.841947,0.841946
800,0.8399949999999999,0.839949,0.8399479999999999,0.839947,0.839946
810,0.8379949999999999,0.8379489999999999,0.8379479999999999,0.837947,0.837946
820,0.8359949999999999,0.8359489999999999,0.8359479999999999,0.835947,0.835946
830,0.8339949999999999,0.8339489999999999,0.8339479999999999,0.833947,0.833946
840,0.8319949999999999,0.8319489999999999,0.8319479999999999,0.831947,0.831946
850,0.8299949999999999,0.8299489999999999,0.8299479999999999,0.829947,0.829946
860,0.8279949999999999,0.8279489999999999,0.8279479999999999,0.827947,0.827946
870,0.8259949999999999,0.8259489999999999,0.8259479999999999,0.825947,0.825946
880,0.823995,0.823949,0.8239479999999999,0.823947,0.8239460000000001
890,0.821995,0.821949,0.8219479999999999,0.821947,0.8219460000000001
900,0.819995,0.819949,0.8199479999999999,0.819947,0.8199460000000001
910,0.817995,0.817949,0.8179479999999999,0.817947,0.8179460000000001
920,0.815995,0.815949,0.8159479999999999,0.815947,0.8159460000000001
930,0.813995,0.813949,0.8139479999999999,0.813947,0.8139460000000001
940,0.811995,0.811949,0.8119479999999999,0.811947,0.8119460000000001
950,0.809995,0.809949,0.8099479999999999,0.809947,0.809946
960,0.807995,0.807949,0.8079479999999999,0.807947,0.807946
970,0.805995,0.805949,0.8059479999999999,0.805947,0.805946
980,0.803995,0.803949,0.8039479999999999,0.803947,0.803946
990,0.801995,0.801949,0.8019479999999999,0.801947,0.801946
1000,0.799995,0.799949,0.7999479999999999,0.799947,0.799946
1010,0.797995,0.797949,0.7979479999999999,0.797947,0.797946
1020,0.795995,0.795949,0.7959479999999999,0.795947,0.795946
1030,0.793995,0.793949,0.7939479999999999,0.793947,0.793946
1040,0.791995,0.791949,0.7919479999999999,0.791947,0.791946
1050,0.789995,0.789949,0.789948,0.7899470000000001,0.789946
1060,0.787995,0.787949,0.787948,0.7879470000000001,0.787946
1070,0.785995,0.785949,0.785948,0.7859470000000001,0.785946
1080,0.783995,0.783949,0.783948,0.7839470000000001,0.783946
1090,0.781995,0.781949,0.781948,0.7819470000000001,0.781946
1100,0.779995,0.779949,0.779948,0.7799470000000001,0.779946
1110,0.777995,0.777949,0.777948,0.777947,0.777946
1120,0.775995,0.775949,0.775948,0.775947,0.775946
1130,0.773995,0.773949,0.773948,0.773947,0.773946
1140,0.771995,0.771949,0.771948,0.771947,0.771946
1150,0.769995,0.769949,0.769948,0.769947,0.769946
1160,0.767995,0.767949,0.767948,0.767947,0.767946
1170,0.765995,0.765949,0.765948,0.765947,0.765946
1180,0.763995,0.763949,0.763948,0.763947,0.763946
1190,0.761995,0.761949,0.761948,0.761947,0.761946
1200,0.759995,0.759949,0.759948,0.759947,0.759946
1210,0.757995,0.757949,0.757948,0.757947,0.757946
1220,0.755995,0.755949,0.755948,0.755947,0.755946
1230,0.753995,0.753949,0.753948,0.753947,0.753946
1240,0.751995,0.751949,0.751948,0.751947,0.751946
1250,0.749995,0.749949,0.749948,0.749947,0.749946
1260,0.747995,0.747949,0.747948,0.747947,0.747946
1270,0.745995,0.745949,0.7459479999999999,0.745947,0.745946
1280,0.743995,0.743949,0.7439479999999999,0.743947,0.743946
1290,0.741995,0.741949,0.7419479999999999,0.741947,0.741946
1300,0.739995,0.739949,0.7399479999999999,0.739947,0.739946
1310,0.737995,0.737949,0.7379479999999999,0.737947,0.737946
1320,0.735995,0.735949,0.7359479999999999,0.735947,0.735946
1330,0.733995,0.733949,0.7339479999999999,0.733947,0.733946
1340,0.731995,0.731949,0.7319479999999999,0.731947,0.731946
1350,0.729995,0.729949,0.7299479999999999,0.729947,0.729946
1360,0.727995,0.727949,0.7279479999999999,0.727947,0.727946
1370,0.725995,0.725949,0.7259479999999999,0.725947,0.725946
1380,0.7239949999999999,0.723949,0.7239479999999999,0.723947,0.723946
1390,0.7219949999999999,0.721949,0.7219479999999999,0.721947,0.721946
1400,0.7199949999999999,0.719949,0.7199479999999999,0.719947,0.719946
1410,0.7179949999999999,0.717949,0.7179479999999999,0.717947,0.717946
1420,0.7159949999999999,0.715949,0.7159479999999999,0.715947,0.715946
1430,0.7139949999999999,0.713949,0.7139479999999999,0.713947,0.713946
1440,0.7119949999999999,0.7119489999999999,0.7119479999999999,0.711947,0.711946
1450,0.7099949999999999,0.7099489999999999,0.709948,0.7099470000000001,0.709946
1460,0.7079949999999999,0.7079489999999999,0.707948,0.7079470000000001,0.707946
1470,0.7059949999999999,0.7059489999999999,0.705948,0.7059470000000001,0.705946
1480,0.7039949999999999,0.7039489999999999,0.703948,0.7039470000000001,0.703946
1490,0.7019949999999999,0.7019489999999999,0.701948,0.7019470000000001,0.701946
1500,0.6999949999999999,0.6999489999999999,0.699948,0.6999470000000001,0.699946
1510,0.6979949999999999,0.6979489999999999,0.697948,0.6979470000000001,0.697946
1520,0.6959949999999999,0.6959489999999999,0.695948,0.6959470000000001,0.695946
1530,0.6939949999999999,0.6939489999999999,0.693948,0.6939470000000001,0.693946
1540,0.6919949999999999,0.6919489999999999,0.691948,0.6919470000000001,0.691946
1550,0.6899949999999999,0.6899489999999999,0.689948,0.6899470000000001,0.689946
1560,0.6879949999999999,0.6879489999999999,0.687948,0.6879470000000001,0.687946
1570,0.6859949999999999,0.6859489999999999,0.685948,0.6859470000000001,0.685946
1580,0.6839949999999999,0.6839489999999999,0.683948,0.6839470000000001,0.6839459999999999
1590,0.6819949999999999,0.6819489999999999,0.681948,0.6819470000000001,0.6819459999999999
1600,0.6799949999999999,0.6799489999999999,0.679948,0.6799470000000001,0.6799459999999999
1610,0.6779949999999999,0.6779489999999999,0.677948,0.6779470000000001,0.6779459999999999
1620,0.6759949999999999,0.6759489999999999,0.675948,0.6759470000000001,0.6759459999999999
1630,0.6739949999999999,0.6739489999999999,0.673948,0.6739470000000001,0.6739459999999999
1640,0.6719949999999999,0.6719489999999999,0.671948,0.6719470000000001,0.6719459999999999
1650,0.6699949999999999,0.6699489999999999,0.669948,0.6699470000000001,0.6699459999999999
1660,0.6679949999999999,0.6679489999999999,0.667948,0.6679470000000001,0.6679459999999999
1670,0.6659949999999999,0.6659489999999999,0.665948,0.6659470000000001,0.6659459999999999
1680,0.6639949999999999,0.6639489999999999,0.663948,0.6639470000000001,0.6639459999999999
1690,0.6619949999999999,0.6619489999999999,0.661948,0.6619470000000001,0.6619459999999999
1700,0.6599949999999999,0.6599489999999999,0.659948,0.6599470000000001,0.6599459999999999
1710,0.6579949999999999,0.6579489999999999,0.657948,0.6579470000000001,0.6579459999999999
1720,0.6559949999999999,0.6559489999999999,0.655948,0.6559470000000001,0.6559459999999999
1730,0.6539949999999999,0.6539489999999999,0.653948,0.6539470000000001,0.6539459999999999
1740,0.6519949999999999,0.6519489999999999,0.651948,0.651947,0.6519459999999999
1750,0.6499949999999999,0.6499489999999999,0.649948,0.649947,0.6499459999999999
1760,0.647995,0.647949,0.647948,0.647947,0.647946
1770,0.645995,0.645949,0.645948,0.645947,0.645946
1780,0.643995,0.643949,0.643948,0.643947,0.643946
1790,0.641995,0.641949,0.641948,0.641947,0.641946
1800,0.639995,0.639949,0.639948,0.639947,0.639946
1810,0.637995,0.637949,0.637948,0.637947,0.637946
1820,0.635995,0.635949,0.635948,0.635947,0.635946
1830,0.633995,0.633949,0.633948,0.633947,0.633946
1840,0.631995,0.631949,0.631948,0.631947,0.631946
1850,0.629995,0.629949,0.629948,0.629947,0.629946
1860,0.627995,0.627949,0.627948,0.627947,0.627946
1870,0.625995,0.625949,0.625948,0.625947,0.625946
1880,0.623995,0.623949,0.623948,0.623947,0.623946
1890,0.621995,0.621949,0.621948,0.621947,0.621946
1900,0.619995,0.619949,0.6199479999999999,0.619947,0.619946
1910,0.617995,0.617949,0.6179479999999999,0.617947,0.617946
1920,0.615995,0.615949,0.6159479999999999,0.615947,0.615946
1930,0.613995,0.613949,0.6139479999999999,0.613947,0.613946
1940,0.611995,0.611949,0.6119479999999999,0.611947,0.611946
1950,0.609995,0.609949,0.6099479999999999,0.609947,0.609946
1960,0.607995,0.607949,0.6079479999999999,0.607947,0.607946
1970,0.605995,0.605949,0.6059479999999999,0.605947,0.605946
1980,0.603995,0.603949,0.6039479999999999,0.603947,0.603946
1990,0.601995,0.601949,0.6019479999999999,0.601947,0.601946
2000,0.599995,0.599949,0.5999479999999999,0.599947,0.599946
2010,0.5979949999999999,0.597949,0.5979479999999999,0.597947,0.597946
2020,0.5959949999999999,0.595949,0.5959479999999999,0.595947,0.595946
2030,0.5939949999999999,0.593949,0.5939479999999999,0.593947,0.593946
2040,0.5919949999999999,0.591949,0.5919479999999999,0.591947,0.591946
2050,0.5899949999999999,0.589949,0.5899479999999999,0.589947,0.589946
2060,0.5879949999999999,0.5879489999999999,0.5879479999999999,0.587947,0.587946
2070,0.5859949999999999,0.5859489999999999,0.5859479999999999,0.585947,0.585946
2080,0.5839949999999999,0.5839489999999999,0.5839479999999999,0.583947,0.583946
2090,0.581995,0.581949,0.5819479999999999,0.581947,0.5819460000000001
2100,0.579995,0.579949,0.5799479999999999,0.579947,0.5799460000000001
2110,0.577995,0.577949,0.5779479999999999,0.577947,0.5779460000000001
2120,0.575995,0.575949,0.5759479999999999,0.575947,0.5759460000000001
2130,0.573995,0.573949,0.5739479999999999,0.573947,0.5739460000000001
2140,0.571995,0.571949,0.5719479999999999,0.571947,0.5719460000000001
2150,0.569995,0.569949,0.5699479999999999,0.569947,0.5699460000000001
2160,0.567995,0.567949,0.5679479999999999,0.567947,0.5679460000000001
2170,0.565995,0.565949,0.5659479999999999,0.565947,0.5659460000000001
2180,0.563995,0.563949,0.5639479999999999,0.563947,0.5639460000000001
2190,0.561995,0.561949,0.5619479999999999,0.561947,0.5619460000000001
2200,0.559995,0.559949,0.5599479999999999,0.559947,0.559946
2210,0.557995,0.557949,0.5579479999999999,0.557947,0.557946
2220,0.555995,0.555949,0.5559479999999999,0.555947,0.555946
2230,0.553995,0.553949,0.5539479999999999,0.553947,0.553946
2240,0.551995,0.551949,0.5519479999999999,0.551947,0.551946
2250,0.549995,0.549949,0.5499479999999999,0.549947,0.549946
2260,0.547995,0.547949,0.5479479999999999,0.547947,0.547946
2270,0.545995,0.545949,0.5459479999999999,0.545947,0.545946
2280,0.543995,0.543949,0.5439479999999999,0.543947,0.543946
2290,0.541995,0.541949,0.5419479999999999,0.541947,0.541946
2300,0.539995,0.539949,0.5399479999999999,0.539947,0.539946
2310,0.537995,0.537949,0.5379479999999999,0.537947,0.537946
2320,0.535995,0.535949,0.5359479999999999,0.535947,0.535946
2330,0.533995,0.533949,0.5339479999999999,0.533947,0.533946
2340,0.531995,0.531949,0.5319479999999999,0.531947,0.531946
2350,0.529995,0.529949,0.5299479999999999,0.529947,0.529946
2360,0.527995,0.527949,0.5279479999999999,0.5279469999999999,0.527946
2370,0.525995,0.525949,0.5259479999999999,0.5259469999999999,0.525946
2380,0.523995,0.523949,0.5239479999999999,0.5239469999999999,0.523946
2390,0.521995,0.521949,0.5219479999999999,0.5219469999999999,0.521946
2400,0.519995,0.519949,0.519948,0.519947,0.519946
2410,0.517995,0.517949,0.517948,0.517947,0.517946
2420,0.515995,0.515949,0.515948,0.515947,0.515946
2430,0.513995,0.513949,0.513948,0.513947,0.513946
2440,0.511995,0.511949,0.511948,0.511947,0.511946
2450,0.509995,0.509949,0.509948,0.509947,0.509946
2460,0.507995,0.507949,0.507948,0.507947,0.507946
2470,0.505995,0.505949,0.505948,0.505947,0.505946
2480,0.503995,0.503949,0.503948,0.503947,0.503946
2490,0.501995,0.501949,0.501948,0.501947,0.501946
2500,0.49999499999999997,0.499949,0.49994799999999995,0.49994700000000003,0.499946
2510,0.49799499999999997,0.497949,0.49794799999999995,0.49794700000000003,0.497946
2520,0.49599499999999996,0.495949,0.49594799999999994,0.495947,0.495946
2530,0.49399499999999996,0.49394899999999997,0.49394799999999994,0.493947,0.493946
2540,0.49199499999999996,0.49194899999999997,0.49194799999999994,0.491947,0.491946
2550,0.48999499999999996,0.48994899999999997,0.48994799999999994,0.489947,0.489946
2560,0.48799499999999996,0.48794899999999997,0.48794799999999994,0.487947,0.487946
2570,0.48599499999999995,0.48594899999999996,0.48594799999999994,0.485947,0.485946
2580,0.48399499999999995,0.48394899999999996,0.48394799999999993,0.483947,0.483946
2590,0.48199499999999995,0.48194899999999996,0.48194799999999993,0.481947,0.481946
2600,0.47999499999999995,0.47994899999999996,0.47994799999999993,0.479947,0.479946
2610,0.47799499999999995,0.47794899999999996,0.47794799999999993,0.477947,0.477946
2620,0.47599499999999995,0.47594899999999996,0.4759479999999999,0.475947,0.475946
2630,0.47399499999999994,0.47394899999999995,0.4739479999999999,0.473947,0.473946
2640,0.47199499999999994,0.47194899999999995,0.4719479999999999,0.471947,0.471946
2650,0.46999499999999994,0.46994899999999995,0.4699479999999999,0.469947,0.469946
2660,0.46799499999999994,0.46794899999999995,0.4679479999999999,0.467947,0.467946
2670,0.46599499999999994,0.46594899999999995,0.4659479999999999,0.465947,0.46594599999999997
2680,0.46399499999999994,0.46394899999999994,0.4639479999999999,0.463947,0.46394599999999997
2690,0.46199499999999993,0.46194899999999994,0.4619479999999999,0.461947,0.46194599999999997
2700,0.45999499999999993,0.45994899999999994,0.4599479999999999,0.459947,0.45994599999999997
2710,0.45799499999999993,0.45794899999999994,0.4579479999999999,0.457947,0.45794599999999996
2720,0.45599499999999993,0.45594899999999994,0.4559479999999999,0.455947,0.45594599999999996
2730,0.4539949999999999,0.45394899999999994,0.4539479999999999,0.453947,0.45394599999999996
2740,0.4519949999999999,0.45194899999999993,0.4519479999999999,0.451947,0.45194599999999996
2750,0.4499949999999999,0.44994899999999993,0.4499479999999999,0.449947,0.44994599999999996
2760,0.4479949999999999,0.44794899999999993,0.4479479999999999,0.447947,0.44794599999999996
2770,0.4459949999999999,0.44594899999999993,0.4459479999999999,0.445947,0.44594599999999995
2780,0.4439949999999999,0.4439489999999999,0.4439479999999999,0.443947,0.44394599999999995
2790,0.4419949999999999,0.4419489999999999,0.4419479999999999,0.441947,0.44194599999999995
2800,0.4399949999999999,0.4399489999999999,0.4399479999999999,0.439947,0.43994599999999995
2810,0.4379949999999999,0.4379489999999999,0.4379479999999999,0.437947,0.43794599999999995
2820,0.4359949999999999,0.4359489999999999,0.4359479999999999,0.435947,0.43594599999999994
2830,0.4339949999999999,0.4339489999999999,0.4339479999999999,0.43394699999999997,0.43394599999999994
2840,0.4319949999999999,0.4319489999999999,0.4319479999999999,0.43194699999999997,0.43194599999999994
2850,0.4299949999999999,0.4299489999999999,0.4299479999999999,0.42994699999999997,0.42994599999999994
2860,0.4279949999999999,0.4279489999999999,0.4279479999999999,0.42794699999999997,0.42794599999999994
2870,0.4259949999999999,0.4259489999999999,0.4259479999999999,0.42594699999999996,0.42594599999999994
2880,0.4239949999999999,0.4239489999999999,0.4239479999999999,0.42394699999999996,0.42394599999999993
2890,0.421995,0.421949,0.421948,0.42194700000000007,0.42194600000000004
2900,0.419995,0.419949,0.419948,0.41994700000000007,0.41994600000000004
2910,0.417995,0.417949,0.417948,0.41794700000000007,0.41794600000000004
2920,0.415995,0.415949,0.415948,0.41594700000000007,0.41594600000000004
2930,0.413995,0.413949,0.413948,0.41394700000000006,0.41394600000000004
2940,0.411995,0.411949,0.411948,0.41194700000000006,0.41194600000000003
2950,0.409995,0.409949,0.409948,0.40994700000000006,0.40994600000000003
2960,0.407995,0.407949,0.407948,0.40794700000000006,0.40794600000000003
2970,0.405995,0.405949,0.405948,0.40594700000000006,0.40594600000000003
2980,0.403995,0.403949,0.403948,0.40394700000000006,0.403946
2990,0.401995,0.401949,0.40194799999999997,0.40194700000000005,0.401946
3000,0.399995,0.399949,0.39994799999999997,0.39994700000000005,0.399946
3010,0.397995,0.397949,0.39794799999999997,0.39794700000000005,0.397946
3020,0.395995,0.395949,0.39594799999999997,0.39594700000000005,0.395946
3030,0.393995,0.393949,0.39394799999999996,0.39394700000000005,0.393946
3040,0.391995,0.391949,0.39194799999999996,0.39194700000000005,0.391946
3050,0.389995,0.389949,0.38994799999999996,0.38994700000000004,0.389946
3060,0.387995,0.387949,0.38794799999999996,0.38794700000000004,0.387946
3070,0.385995,0.385949,0.38594799999999996,0.38594700000000004,0.385946
3080,0.383995,0.383949,0.38394799999999996,0.38394700000000004,0.383946
3090,0.381995,0.381949,0.38194799999999995,0.38194700000000004,0.381946
3100,0.37999499999999997,0.379949,0.37994799999999995,0.37994700000000003,0.379946
3110,0.37799499999999997,0.377949,0.37794799999999995,0.37794700000000003,0.377946
3120,0.37599499999999997,0.375949,0.37594799999999995,0.37594700000000003,0.375946
3130,0.37399499999999997,0.373949,0.37394799999999995,0.37394700000000003,0.373946
3140,0.37199499999999996,0.371949,0.37194799999999995,0.371947,0.371946
3150,0.36999499999999996,0.369949,0.36994799999999994,0.369947,0.369946
3160,0.36799499999999996,0.36794899999999997,0.36794799999999994,0.367947,0.367946
3170,0.36599499999999996,0.36594899999999997,0.36594799999999994,0.365947,0.365946
3180,0.36399499999999996,0.36394899999999997,0.36394799999999994,0.363947,0.363946
3190,0.36199499999999996,0.36194899999999997,0.36194799999999994,0.361947,0.361946
3200,0.35999499999999995,0.35994899999999996,0.35994799999999993,0.359947,0.359946
3210,0.35799499999999995,0.35794899999999996,0.35794799999999993,0.357947,0.357946
3220,0.35599499999999995,0.35594899999999996,0.35594799999999993,0.355947,0.355946
3230,0.35399499999999995,0.35394899999999996,0.35394799999999993,0.353947,0.353946
3240,0.35199499999999995,0.35194899999999996,0.3519479999999999,0.351947,0.351946
3250,0.34999499999999995,0.34994899999999995,0.3499479999999999,0.349947,0.349946
3260,0.34799499999999994,0.34794899999999995,0.3479479999999999,0.347947,0.347946
3270,0.34599499999999994,0.34594899999999995,0.3459479999999999,0.345947,0.345946
3280,0.34399499999999994,0.34394899999999995,0.3439479999999999,0.343947,0.343946
3290,0.34199499999999994,0.34194899999999995,0.3419479999999999,0.341947,0.34194599999999997
3300,0.33999499999999994,0.33994899999999995,0.3399479999999999,0.339947,0.33994599999999997
3310,0.33799499999999993,0.33794899999999994,0.3379479999999999,0.337947,0.33794599999999997
3320,0.33599499999999993,0.33594899999999994,0.3359479999999999,0.335947,0.33594599999999997
3330,0.33399499999999993,0.33394899999999994,0.3339479999999999,0.333947,0.33394599999999997
3340,0.33199499999999993,0.33194899999999994,0.3319479999999999,0.331947,0.33194599999999996
3350,0.3299949999999999,0.32994899999999994,0.3299479999999999,0.329947,0.32994599999999996
3360,0.3279949999999999,0.32794899999999994,0.3279479999999999,0.327947,0.32794599999999996
3370,0.3259949999999999,0.32594899999999993,0.3259479999999999,0.325947,0.32594599999999996
3380,0.3239949999999999,0.32394899999999993,0.3239479999999999,0.323947,0.32394599999999996
3390,0.3219949999999999,0.32194899999999993,0.3219479999999999,0.321947,0.32194599999999995
3400,0.3199949999999999,0.31994899999999993,0.3199479999999999,0.319947,0.31994599999999995
3410,0.3179949999999999,0.3179489999999999,0.3179479999999999,0.317947,0.31794599999999995
3420,0.3159949999999999,0.3159489999999999,0.3159479999999999,0.315947,0.31594599999999995
3430,0.3139949999999999,0.3139489999999999,0.3139479999999999,0.313947,0.31394599999999995
3440,0.3119949999999999,0.3119489999999999,0.3119479999999999,0.311947,0.31194599999999995
3450,0.3099949999999999,0.3099489999999999,0.3099479999999999,0.309947,0.30994599999999994
3460,0.3079949999999999,0.3079489999999999,0.3079479999999999,0.30794699999999997,0.30794599999999994
3470,0.3059949999999999,0.3059489999999999,0.3059479999999999,0.30594699999999997,0.30594599999999994
3480,0.3039949999999999,0.3039489999999999,0.3039479999999999,0.30394699999999997,0.30394599999999994
3490,0.3019949999999999,0.3019489999999999,0.3019479999999999,0.30194699999999997,0.30194599999999994
3500,0.2999949999999999,0.2999489999999999,0.2999479999999999,0.29994699999999996,0.29994599999999993
3510,0.2979949999999999,0.2979489999999999,0.2979479999999999,0.29794699999999996,0.29794599999999993
3520,0.295995,0.295949,0.295948,0.29594700000000007,0.29594600000000004
3530,0.293995,0.293949,0.293948,0.29394700000000007,0.29394600000000004
3540,0.291995,0.291949,0.291948,0.29194700000000007,0.29194600000000004
3550,0.289995,0.289949,0.289948,0.28994700000000007,0.28994600000000004
3560,0.287995,0.287949,0.287948,0.28794700000000006,0.28794600000000004
3570,0.285995,0.285949,0.285948,0.28594700000000006,0.28594600000000003
3580,0.283995,0.283949,0.283948,0.28394700000000006,0.28394600000000003
3590,0.281995,0.281949,0.281948,0.28194700000000006,0.28194600000000003
3600,0.279995,0.279949,0.279948,0.27994700000000006,0.27994600000000003
3610,0.277995,0.277949,0.277948,0.27794700000000006,0.277946
3620,0.275995,0.275949,0.27594799999999997,0.27594700000000005,0.275946
3630,0.273995,0.273949,0.27394799999999997,0.27394700000000005,0.273946
3640,0.271995,0.271949,0.27194799999999997,0.27194700000000005,0.271946
3650,0.269995,0.269949,0.26994799999999997,0.26994700000000005,0.269946
3660,0.267995,0.267949,0.26794799999999996,0.26794700000000005,0.267946
3670,0.265995,0.265949,0.26594799999999996,0.26594700000000004,0.265946
3680,0.263995,0.263949,0.26394799999999996,0.26394700000000004,0.263946
3690,0.261995,0.261949,0.26194799999999996,0.26194700000000004,0.261946
3700,0.259995,0.259949,0.25994799999999996,0.25994700000000004,0.259946
3710,0.257995,0.257949,0.25794799999999996,0.25794700000000004,0.257946
3720,0.255995,0.255949,0.25594799999999995,0.25594700000000004,0.255946
3730,0.25399499999999997,0.253949,0.25394799999999995,0.25394700000000003,0.253946
3740,0.25199499999999997,0.251949,0.25194799999999995,0.25194700000000003,0.251946
3750,0.24999499999999997,0.24994899999999998,0.24994799999999995,0.24994700000000003,0.249946
3760,0.24799499999999997,0.24794899999999997,0.24794799999999995,0.24794700000000003,0.247946
3770,0.24599499999999996,0.24594899999999997,0.24594799999999994,0.24594700000000003,0.245946
3780,0.24399499999999996,0.24394899999999997,0.24394799999999994,0.24394700000000002,0.243946
3790,0.24199499999999996,0.24194899999999997,0.24194799999999994,0.24194700000000002,0.241946
3800,0.23999499999999996,0.23994899999999997,0.23994799999999994,0.23994700000000002,0.239946
3810,0.23799499999999996,0.23794899999999997,0.23794799999999994,0.23794700000000002,0.237946
3820,0.23599499999999995,0.23594899999999996,0.23594799999999994,0.23594700000000002,0.235946
3830,0.23399499999999995,0.23394899999999996,0.23394799999999993,0.23394700000000002,0.233946
3840,0.23199499999999995,0.23194899999999996,0.23194799999999993,0.23194700000000001,0.23194599999999999
3850,0.22999499999999995,0.22994899999999996,0.22994799999999993,0.229947,0.22994599999999998
3860,0.22799499999999995,0.22794899999999996,0.22794799999999993,0.227947,0.22794599999999998
3870,0.22599499999999995,0.22594899999999996,0.22594799999999993,0.225947,0.22594599999999998
3880,0.22399499999999994,0.22394899999999995,0.22394799999999992,0.223947,0.22394599999999998
3890,0.22199499999999994,0.22194899999999995,0.22194799999999992,0.221947,0.22194599999999998
3900,0.21999499999999994,0.21994899999999995,0.21994799999999992,0.219947,0.21994599999999997
3910,0.21799499999999994,0.21794899999999995,0.21794799999999992,0.217947,0.21794599999999997
3920,0.21599499999999994,0.21594899999999995,0.21594799999999992,0.215947,0.21594599999999997
3930,0.21399499999999994,0.21394899999999994,0.21394799999999992,0.213947,0.21394599999999997
3940,0.21199499999999993,0.21194899999999994,0.21194799999999991,0.211947,0.21194599999999997
3950,0.20999499999999993,0.20994899999999994,0.2099479999999999,0.209947,0.20994599999999997
3960,0.20799499999999993,0.20794899999999994,0.2079479999999999,0.207947,0.20794599999999996
3970,0.20599499999999993,0.20594899999999994,0.2059479999999999,0.205947,0.20594599999999996
3980,0.20399499999999993,0.20394899999999994,0.2039479999999999,0.203947,0.20394599999999996
3990,0.20199499999999992,0.20194899999999993,0.2019479999999999,0.201947,0.20194599999999996
4000,0.19999499999999992,0.19994899999999993,0.1999479999999999,0.19994699999999999,0.19994599999999996
4010,0.19799499999999992,0.19794899999999993,0.1979479999999999,0.19794699999999998,0.19794599999999996
4020,0.19599499999999992,0.19594899999999993,0.1959479999999999,0.19594699999999998,0.19594599999999995
4030,0.19399499999999992,0.19394899999999993,0.1939479999999999,0.19394699999999998,0.19394599999999995
4040,0.19199499999999992,0.19194899999999993,0.1919479999999999,0.19194699999999998,0.19194599999999995
4050,0.18999499999999991,0.18994899999999992,0.1899479999999999,0.18994699999999998,0.18994599999999995
4060,0.1879949999999999,0.18794899999999992,0.1879479999999999,0.18794699999999998,0.18794599999999995
4070,0.1859949999999999,0.18594899999999992,0.1859479999999999,0.18594699999999997,0.18594599999999994
4080,0.1839949999999999,0.18394899999999992,0.1839479999999999,0.18394699999999997,0.18394599999999994
4090,0.1819949999999999,0.18194899999999992,0.1819479999999999,0.18194699999999997,0.18194599999999994
4100,0.1799949999999999,0.17994899999999991,0.17994799999999989,0.17994699999999997,0.17994599999999994
4110,0.1779949999999999,0.1779489999999999,0.17794799999999988,0.17794699999999997,0.17794599999999994
4120,0.1759949999999999,0.1759489999999999,0.17594799999999988,0.17594699999999996,0.17594599999999994
4130,0.1739949999999999,0.1739489999999999,0.17394799999999988,0.17394699999999996,0.17394599999999993
4140,0.1719949999999999,0.1719489999999999,0.17194799999999988,0.17194699999999996,0.17194599999999993
4150,0.1699949999999999,0.1699489999999999,0.16994799999999988,0.16994699999999996,0.16994599999999993
4160,0.1679949999999999,0.1679489999999999,0.16794799999999988,0.16794699999999996,0.16794599999999993
4170,0.165995,0.165949,0.16594799999999998,0.16594700000000007,0.16594600000000004
4180,0.163995,0.163949,0.16394799999999998,0.16394700000000006,0.16394600000000004
4190,0.161995,0.161949,0.16194799999999998,0.16194700000000006,0.16194600000000003
4200,0.159995,0.159949,0.15994799999999998,0.15994700000000006,0.15994600000000003
4210,0.157995,0.157949,0.15794799999999998,0.15794700000000006,0.15794600000000003
4220,0.155995,0.155949,0.15594799999999998,0.15594700000000006,0.15594600000000003
4230,0.153995,0.153949,0.15394799999999997,0.15394700000000006,0.15394600000000003
4240,0.151995,0.151949,0.15194799999999997,0.15194700000000005,0.15194600000000003
4250,0.149995,0.149949,0.14994799999999997,0.14994700000000005,0.14994600000000002
4260,0.147995,0.147949,0.14794799999999997,0.14794700000000005,0.14794600000000002
4270,0.14599499999999999,0.145949,0.14594799999999997,0.14594700000000005,0.14594600000000002
4280,0.14399499999999998,0.143949,0.14394799999999996,0.14394700000000005,0.14394600000000002
4290,0.14199499999999998,0.141949,0.14194799999999996,0.14194700000000005,0.14194600000000002
4300,0.13999499999999998,0.139949,0.13994799999999996,0.13994700000000004,0.13994600000000001
4310,0.13799499999999998,0.137949,0.13794799999999996,0.13794700000000004,0.137946
4320,0.13599499999999998,0.135949,0.13594799999999996,0.13594700000000004,0.135946
4330,0.13399499999999998,0.13394899999999998,0.13394799999999996,0.13394700000000004,0.133946
4340,0.13199499999999997,0.13194899999999998,0.13194799999999995,0.13194700000000004,0.131946
4350,0.12999499999999997,0.12994899999999998,0.12994799999999995,0.12994700000000003,0.129946
4360,0.12799499999999997,0.12794899999999998,0.12794799999999995,0.12794700000000003,0.127946
4370,0.12599499999999997,0.12594899999999998,0.12594799999999995,0.12594700000000003,0.125946
4380,0.12399499999999997,0.12394899999999998,0.12394799999999995,0.12394700000000003,0.123946
4390,0.12199499999999996,0.12194899999999997,0.12194799999999995,0.12194700000000003,0.121946
4400,0.11999499999999996,0.11994899999999997,0.11994799999999994,0.11994700000000003,0.119946
4410,0.11799499999999996,0.11794899999999997,0.11794799999999994,0.11794700000000002,0.117946
4420,0.11599499999999996,0.11594899999999997,0.11594799999999994,0.11594700000000002,0.115946
4430,0.11399499999999996,0.11394899999999997,0.11394799999999994,0.11394700000000002,0.11394599999999999
4440,0.11199499999999996,0.11194899999999997,0.11194799999999994,0.11194700000000002,0.11194599999999999
4450,0.10999499999999995,0.10994899999999996,0.10994799999999993,0.10994700000000002,0.10994599999999999
4460,0.10799499999999995,0.10794899999999996,0.10794799999999993,0.10794700000000002,0.10794599999999999
4470,0.10599499999999995,0.10594899999999996,0.10594799999999993,0.10594700000000001,0.10594599999999998
4480,0.10399499999999995,0.10394899999999996,0.10394799999999993,0.10394700000000001,0.10394599999999998
4490,0.10199499999999995,0.10194899999999996,0.10194799999999993,0.10194700000000001,0.10194599999999998
4500,0.09999499999999995,0.09994899999999995,0.09994799999999993,0.09994700000000001,0.09994599999999998
4510,0.09799499999999994,0.09794899999999995,0.09794799999999992,0.097947,0.09794599999999998
4520,0.09599499999999994,0.09594899999999995,0.09594799999999992,0.095947,0.09594599999999998
4530,0.09399499999999994,0.09394899999999995,0.09394799999999992,0.093947,0.09394599999999997
4540,0.09199499999999994,0.09194899999999995,0.09194799999999992,0.091947,0.09194599999999997
4550,0.08999499999999994,0.08994899999999995,0.08994799999999992,0.089947,0.08994599999999997
4560,0.08799499999999993,0.08794899999999994,0.08794799999999992,0.087947,0.08794599999999997
4570,0.08599499999999993,0.08594899999999994,0.08594799999999991,0.085947,0.08594599999999997
4580,0.08399499999999993,0.08394899999999994,0.08394799999999991,0.083947,0.08394599999999997
4590,0.08199499999999993,0.08194899999999994,0.08194799999999991,0.08194699999999999,0.08194599999999996
4600,0.07999499999999993,0.07994899999999994,0.07994799999999991,0.07994699999999999,0.07994599999999996
4610,0.07799499999999993,0.07794899999999994,0.0779479999999999,0.07794699999999999,0.07794599999999996
4620,0.07599499999999992,0.07594899999999993,0.0759479999999999,0.07594699999999999,0.07594599999999996
4630,0.07399499999999992,0.07394899999999993,0.0739479999999999,0.07394699999999998,0.07394599999999996
4640,0.07199499999999992,0.07194899999999993,0.0719479999999999,0.07194699999999998,0.07194599999999995
4650,0.06999499999999992,0.06994899999999993,0.0699479999999999,0.06994699999999998,0.06994599999999995
4660,0.06799499999999992,0.06794899999999993,0.0679479999999999,0.06794699999999998,0.06794599999999995
4670,0.06599499999999991,0.06594899999999992,0.0659479999999999,0.06594699999999998,0.06594599999999995
4680,0.06399499999999991,0.06394899999999992,0.0639479999999999,0.06394699999999998,0.06394599999999995
4690,0.06199499999999991,0.06194899999999992,0.06194799999999989,0.061946999999999974,0.061945999999999946
4700,0.05999499999999991,0.05994899999999992,0.05994799999999989,0.05994699999999997,0.059945999999999944
4710,0.05799499999999991,0.05794899999999992,0.05794799999999989,0.05794699999999997,0.05794599999999994
4720,0.055994999999999906,0.055948999999999915,0.05594799999999989,0.05594699999999997,0.05594599999999994
4730,0.053994999999999904,0.053948999999999914,0.053947999999999885,0.05394699999999997,0.05394599999999994
4740,0.0519949999999999,0.05194899999999991,0.05194799999999988,0.051946999999999965,0.05194599999999994
4750,0.0499949999999999,0.04994899999999991,0.04994799999999988,0.049946999999999964,0.049945999999999935
4760,0.0479949999999999,0.04794899999999991,0.04794799999999988,0.04794699999999996,0.04794599999999993
4770,0.0459949999999999,0.04594899999999991,0.04594799999999988,0.04594699999999996,0.04594599999999993
4780,0.043994999999999895,0.043948999999999905,0.043947999999999876,0.04394699999999996,0.04394599999999993
4790,0.041994999999999894,0.0419489999999999,0.041947999999999874,0.04194699999999996,0.04194599999999993
4800,0.039995,0.03994900000000001,0.039947999999999984,0.039947000000000066,0.03994600000000004
4810,0.037995,0.03794900000000001,0.03794799999999998,0.037947000000000064,0.037946000000000035
4820,0.035995,0.03594900000000001,0.03594799999999998,0.03594700000000006,0.035946000000000033
4830,0.033995,0.03394900000000001,0.03394799999999998,0.03394700000000006,0.03394600000000003
4840,0.031994999999999996,0.031949000000000005,0.031947999999999976,0.03194700000000006,0.03194600000000003
4850,0.029994999999999994,0.029949000000000003,0.029947999999999975,0.029947000000000057,0.029946000000000028
4860,0.027994999999999992,0.027949,0.027947999999999973,0.027947000000000055,0.027946000000000026
4870,0.02599499999999999,0.025949,0.02594799999999997,0.025947000000000053,0.025946000000000025
4880,0.02399499999999999,0.023948999999999998,0.02394799999999997,0.02394700000000005,0.023946000000000023
4890,0.021994999999999987,0.021948999999999996,0.021947999999999968,0.02194700000000005,0.02194600000000002
4900,0.019994999999999985,0.019948999999999995,0.019947999999999966,0.019947000000000048,0.01994600000000002
4910,0.017994999999999983,0.017948999999999993,0.017947999999999964,0.017947000000000046,0.017946000000000017
4920,0.01599499999999998,0.01594899999999999,0.015947999999999962,0.015947000000000044,0.015946000000000016
4930,0.01399499999999998,0.01394899999999999,0.01394799999999996,0.013947000000000043,0.013946000000000014
4940,0.011994999999999978,0.011948999999999987,0.011947999999999959,0.011947000000000041,0.011946000000000012
4950,0.009994999999999976,0.009948999999999986,0.009947999999999957,0.00994700000000004,0.00994600000000001
4960,0.007994999999999974,0.007948999999999984,0.007947999999999955,0.007947000000000037,0.007946000000000009
4970,0.005994999999999973,0.005948999999999982,0.005947999999999953,0.005947000000000036,0.005946000000000007
4980,0.003994999999999971,0.00394899999999998,0.0039479999999999515,0.003947000000000034,0.003946000000000005
4990,0.001994999999999969,0.0019489999999999785,0.0019479999999999498,0.001947000000000032,0.0019460000000000033
5000,-5.000000000032756e-06,-5.100000000002325e-05,-5.2000000000052005e-05,-5.299999999996974e-05,-5.3999999999998494e-05
5010,-0.0020050000000000345,-0.002051000000000025,-0.0020520000000000538,-0.0020529999999999715,-0.0020540000000000003
5020,-0.004005000000000036,-0.004051000000000027,-0.0040520000000000556,-0.004052999999999973,-0.004054000000000002
5030,-0.006005000000000038,-0.006051000000000029,-0.006052000000000057,-0.006052999999999975,-0.006054000000000004
5040,-0.00800500000000004,-0.00805100000000003,-0.008052000000000059,-0.008052999999999977,-0.008054000000000006
5050,-0.010005000000000042,-0.010051000000000032,-0.010052000000000061,-0.010052999999999979,-0.010054000000000007
5060,-0.012005000000000043,-0.012051000000000034,-0.012052000000000063,-0.01205299999999998,-0.01205400000000001
5070,-0.014005000000000045,-0.014051000000000036,-0.014052000000000064,-0.014052999999999982,-0.014054000000000011
5080,-0.016005000000000047,-0.016051000000000037,-0.016052000000000066,-0.016052999999999984,-0.016054000000000013
5090,-0.01800500000000005,-0.01805100000000004,-0.018052000000000068,-0.018052999999999986,-0.018054000000000014
5100,-0.02000500000000005,-0.02005100000000004,-0.02005200000000007,-0.020052999999999988,-0.020054000000000016
5110,-0.022005000000000052,-0.022051000000000043,-0.02205200000000007,-0.02205299999999999,-0.022054000000000018
5120,-0.024005000000000054,-0.024051000000000045,-0.024052000000000073,-0.02405299999999999,-0.02405400000000002
5130,-0.026005000000000056,-0.026051000000000046,-0.026052000000000075,-0.026052999999999993,-0.02605400000000002
5140,-0.028005000000000058,-0.028051000000000048,-0.028052000000000077,-0.028052999999999995,-0.028054000000000023
5150,-0.03000500000000006,-0.03005100000000005,-0.03005200000000008,-0.030052999999999996,-0.030054000000000025
5160,-0.03200500000000006,-0.03205100000000005,-0.03205200000000008,-0.032053,-0.03205400000000003
5170,-0.03400500000000006,-0.03405100000000005,-0.03405200000000008,-0.034053,-0.03405400000000003
5180,-0.036005000000000065,-0.036051000000000055,-0.036052000000000084,-0.036053,-0.03605400000000003
5190,-0.038005000000000067,-0.03805100000000006,-0.038052000000000086,-0.038053000000000003,-0.03805400000000003
5200,-0.04000500000000007,-0.04005100000000006,-0.04005200000000009,-0.040053000000000005,-0.040054000000000034
5210,-0.04200500000000007,-0.04205100000000006,-0.04205200000000009,-0.04205300000000001,-0.042054000000000036
5220,-0.04400500000000007,-0.04405100000000006,-0.04405200000000009,-0.04405300000000001,-0.04405400000000004
5230,-0.046005000000000074,-0.046051000000000064,-0.04605200000000009,-0.04605300000000001,-0.04605400000000004
5240,-0.048005000000000075,-0.048051000000000066,-0.048052000000000095,-0.04805300000000001,-0.04805400000000004
5250,-0.05000500000000008,-0.05005100000000007,-0.050052000000000096,-0.050053000000000014,-0.05005400000000004
5260,-0.05200500000000008,-0.05205100000000007,-0.0520520000000001,-0.052053000000000016,-0.052054000000000045
5270,-0.05400500000000008,-0.05405100000000007,-0.0540520000000001,-0.05405300000000002,-0.054054000000000046
5280,-0.05600500000000008,-0.05605100000000007,-0.0560520000000001,-0.05605300000000002,-0.05605400000000005
5290,-0.058005000000000084,-0.058051000000000075,-0.058052000000000104,-0.05805300000000002,-0.05805400000000005
5300,-0.060005000000000086,-0.06005100000000008,-0.060052000000000105,-0.06005300000000002,-0.06005400000000005
5310,-0.06200500000000009,-0.06205100000000008,-0.06205200000000011,-0.062053000000000025,-0.062054000000000054
5320,-0.06400500000000009,-0.06405100000000008,-0.06405200000000011,-0.06405300000000003,-0.06405400000000006
5330,-0.06600500000000009,-0.06605100000000008,-0.06605200000000011,-0.06605300000000003,-0.06605400000000006
5340,-0.0680050000000001,-0.06805100000000008,-0.06805200000000011,-0.06805300000000003,-0.06805400000000006
5350,-0.0700050000000001,-0.07005100000000009,-0.07005200000000011,-0.07005300000000003,-0.07005400000000006
5360,-0.0720050000000001,-0.07205100000000009,-0.07205200000000012,-0.07205300000000003,-0.07205400000000006
5370,-0.0740050000000001,-0.07405100000000009,-0.07405200000000012,-0.07405300000000004,-0.07405400000000006
5380,-0.0760050000000001,-0.07605100000000009,-0.07605200000000012,-0.07605300000000004,-0.07605400000000007
5390,-0.0780050000000001,-0.07805100000000009,-0.07805200000000012,-0.07805300000000004,-0.07805400000000007
5400,-0.0800050000000001,-0.0800510000000001,-0.08005200000000012,-0.08005300000000004,-0.08005400000000007
5410,-0.0820050000000001,-0.0820510000000001,-0.08205200000000012,-0.08205300000000004,-0.08205400000000007
5420,-0.08400500000000011,-0.0840510000000001,-0.08405200000000013,-0.08405300000000004,-0.08405400000000007
5430,-0.08600500000000011,-0.0860510000000001,-0.08605200000000013,-0.08605300000000005,-0.08605400000000007
5440,-0.08800500000000011,-0.0880510000000001,-0.08805200000000013,-0.08805300000000005,-0.08805400000000008
5450,-0.09000500000000011,-0.0900510000000001,-0.09005200000000013,-0.09005300000000005,-0.09005400000000008
5460,-0.09200500000000011,-0.0920510000000001,-0.09205200000000013,-0.09205300000000005,-0.09205400000000008
5470,-0.09400500000000012,-0.0940510000000001,-0.09405200000000014,-0.09405300000000005,-0.09405400000000008
5480,-0.09600500000000012,-0.09605100000000011,-0.09605200000000014,-0.09605300000000006,-0.09605400000000008
5490,-0.09800500000000012,-0.09805100000000011,-0.09805200000000014,-0.09805300000000006,-0.09805400000000009
5500,-0.10000500000000012,-0.10005100000000011,-0.10005200000000014,-0.10005300000000006,-0.10005400000000009
5510,-0.10200500000000012,-0.10205100000000011,-0.10205200000000014,-0.10205300000000006,-0.10205400000000009
5520,-0.10400500000000013,-0.10405100000000012,-0.10405200000000014,-0.10405300000000006,-0.10405400000000009
5530,-0.10600500000000013,-0.10605100000000012,-0.10605200000000015,-0.10605300000000006,-0.10605400000000009
5540,-0.10800500000000013,-0.10805100000000012,-0.10805200000000015,-0.10805300000000007,-0.1080540000000001
5550,-0.11000500000000013,-0.11005100000000012,-0.11005200000000015,-0.11005300000000007,-0.1100540000000001
5560,-0.11200500000000013,-0.11205100000000012,-0.11205200000000015,-0.11205300000000007,-0.1120540000000001
5570,-0.11400500000000013,-0.11405100000000012,-0.11405200000000015,-0.11405300000000007,-0.1140540000000001
5580,-0.11600500000000014,-0.11605100000000013,-0.11605200000000016,-0.11605300000000007,-0.1160540000000001
5590,-0.11800500000000014,-0.11805100000000013,-0.11805200000000016,-0.11805300000000007,-0.1180540000000001
5600,-0.12000500000000014,-0.12005100000000013,-0.12005200000000016,-0.12005300000000008,-0.1200540000000001
5610,-0.12200500000000014,-0.12205100000000013,-0.12205200000000016,-0.12205300000000008,-0.1220540000000001
5620,-0.12400500000000014,-0.12405100000000013,-0.12405200000000016,-0.12405300000000008,-0.12405400000000011
5630,-0.12600500000000014,-0.12605100000000014,-0.12605200000000016,-0.12605300000000008,-0.1260540000000001
5640,-0.12800500000000015,-0.12805100000000014,-0.12805200000000017,-0.12805300000000008,-0.1280540000000001
5650,-0.13000500000000015,-0.13005100000000014,-0.13005200000000017,-0.13005300000000009,-0.13005400000000011
5660,-0.13200500000000015,-0.13205100000000014,-0.13205200000000017,-0.1320530000000001,-0.13205400000000012
5670,-0.13400500000000015,-0.13405100000000014,-0.13405200000000017,-0.1340530000000001,-0.13405400000000012
5680,-0.13600500000000015,-0.13605100000000014,-0.13605200000000017,-0.1360530000000001,-0.13605400000000012
5690,-0.13800500000000016,-0.13805100000000015,-0.13805200000000017,-0.1380530000000001,-0.13805400000000012
5700,-0.14000500000000016,-0.14005100000000015,-0.14005200000000018,-0.1400530000000001,-0.14005400000000012
5710,-0.14200500000000016,-0.14205100000000015,-0.14205200000000018,-0.1420530000000001,-0.14205400000000012
5720,-0.14400500000000016,-0.14405100000000015,-0.14405200000000018,-0.1440530000000001,-0.14405400000000013
5730,-0.14600500000000016,-0.14605100000000015,-0.14605200000000018,-0.1460530000000001,-0.14605400000000013
5740,-0.14800500000000016,-0.14805100000000015,-0.14805200000000018,-0.1480530000000001,-0.14805400000000013
5750,-0.15000500000000017,-0.15005100000000016,-0.15005200000000019,-0.1500530000000001,-0.15005400000000013
5760,-0.15200500000000017,-0.15205100000000016,-0.1520520000000002,-0.1520530000000001,-0.15205400000000013
5770,-0.15400499999999995,-0.15405099999999994,-0.15405199999999997,-0.15405299999999988,-0.1540539999999999
5780,-0.15600499999999995,-0.15605099999999994,-0.15605199999999997,-0.1560529999999999,-0.15605399999999992
5790,-0.15800499999999995,-0.15805099999999994,-0.15805199999999997,-0.1580529999999999,-0.15805399999999992
5800,-0.16000499999999995,-0.16005099999999994,-0.16005199999999997,-0.1600529999999999,-0.16005399999999992
5810,-0.16200499999999995,-0.16205099999999995,-0.16205199999999997,-0.1620529999999999,-0.16205399999999992
5820,-0.16400499999999996,-0.16405099999999995,-0.16405199999999998,-0.1640529999999999,-0.16405399999999992
5830,-0.16600499999999996,-0.16605099999999995,-0.16605199999999998,-0.1660529999999999,-0.16605399999999992
5840,-0.16800499999999996,-0.16805099999999995,-0.16805199999999998,-0.1680529999999999,-0.16805399999999993
5850,-0.17000499999999996,-0.17005099999999995,-0.17005199999999998,-0.1700529999999999,-0.17005399999999993
5860,-0.17200499999999996,-0.17205099999999995,-0.17205199999999998,-0.1720529999999999,-0.17205399999999993
5870,-0.17400499999999997,-0.17405099999999996,-0.17405199999999998,-0.1740529999999999,-0.17405399999999993
5880,-0.17600499999999997,-0.17605099999999996,-0.176052,-0.1760529999999999,-0.17605399999999993
5890,-0.17800499999999997,-0.17805099999999996,-0.178052,-0.1780529999999999,-0.17805399999999993
5900,-0.18000499999999997,-0.18005099999999996,-0.180052,-0.1800529999999999,-0.18005399999999994
5910,-0.18200499999999997,-0.18205099999999996,-0.182052,-0.1820529999999999,-0.18205399999999994
5920,-0.18400499999999997,-0.18405099999999996,-0.184052,-0.1840529999999999,-0.18405399999999994
5930,-0.18600499999999998,-0.18605099999999997,-0.186052,-0.1860529999999999,-0.18605399999999994
5940,-0.18800499999999998,-0.18805099999999997,-0.188052,-0.18805299999999991,-0.18805399999999994
5950,-0.19000499999999998,-0.19005099999999997,-0.190052,-0.19005299999999992,-0.19005399999999995
5960,-0.19200499999999998,-0.19205099999999997,-0.192052,-0.19205299999999992,-0.19205399999999995
5970,-0.19400499999999998,-0.19405099999999997,-0.194052,-0.19405299999999992,-0.19405399999999995
5980,-0.19600499999999998,-0.19605099999999998,-0.196052,-0.19605299999999992,-0.19605399999999995
5990,-0.198005,-0.19805099999999998,-0.198052,-0.19805299999999992,-0.19805399999999995
6000,-0.200005,-0.20005099999999998,-0.200052,-0.20005299999999993,-0.20005399999999995
6010,-0.202005,-0.20205099999999998,-0.202052,-0.20205299999999993,-0.20205399999999996
6020,-0.204005,-0.20405099999999998,-0.204052,-0.20405299999999993,-0.20405399999999996
6030,-0.206005,-0.20605099999999998,-0.206052,-0.20605299999999993,-0.20605399999999996
6040,-0.208005,-0.20805099999999999,-0.20805200000000001,-0.20805299999999993,-0.20805399999999996
6050,-0.210005,-0.210051,-0.21005200000000002,-0.21005299999999993,-0.21005399999999996
6060,-0.212005,-0.212051,-0.21205200000000002,-0.21205299999999994,-0.21205399999999996
6070,-0.214005,-0.214051,-0.21405200000000002,-0.21405299999999994,-0.21405399999999997
6080,-0.216005,-0.216051,-0.21605200000000002,-0.21605299999999994,-0.21605399999999997
6090,-0.218005,-0.218051,-0.21805200000000002,-0.21805299999999994,-0.21805399999999997
6100,-0.220005,-0.220051,-0.22005200000000003,-0.22005299999999994,-0.22005399999999997
6110,-0.222005,-0.222051,-0.22205200000000003,-0.22205299999999994,-0.22205399999999997
6120,-0.224005,-0.224051,-0.22405200000000003,-0.22405299999999995,-0.22405399999999998
6130,-0.226005,-0.226051,-0.22605200000000003,-0.22605299999999995,-0.22605399999999998
6140,-0.228005,-0.228051,-0.22805200000000003,-0.22805299999999995,-0.22805399999999998
6150,-0.23000500000000001,-0.230051,-0.23005200000000003,-0.23005299999999995,-0.23005399999999998
6160,-0.23200500000000002,-0.232051,-0.23205200000000004,-0.23205299999999995,-0.23205399999999998
6170,-0.23400500000000002,-0.234051,-0.23405200000000004,-0.23405299999999996,-0.23405399999999998
6180,-0.23600500000000002,-0.236051,-0.23605200000000004,-0.23605299999999996,-0.23605399999999999
6190,-0.23800500000000002,-0.238051,-0.23805200000000004,-0.23805299999999996,-0.238054
6200,-0.24000500000000002,-0.24005100000000001,-0.24005200000000004,-0.24005299999999996,-0.240054
6210,-0.24200500000000003,-0.24205100000000002,-0.24205200000000004,-0.24205299999999996,-0.242054
6220,-0.24400500000000003,-0.24405100000000002,-0.24405200000000005,-0.24405299999999996,-0.244054
6230,-0.24600500000000003,-0.24605100000000002,-0.24605200000000005,-0.24605299999999997,-0.246054
6240,-0.24800500000000003,-0.24805100000000002,-0.24805200000000005,-0.24805299999999997,-0.248054
6250,-0.25000500000000003,-0.250051,-0.25005200000000005,-0.25005299999999997,-0.250054
6260,-0.25200500000000003,-0.252051,-0.25205200000000005,-0.25205299999999997,-0.252054
6270,-0.25400500000000004,-0.254051,-0.25405200000000006,-0.254053,-0.254054
6280,-0.25600500000000004,-0.25605100000000003,-0.25605200000000006,-0.256053,-0.256054
6290,-0.25800500000000004,-0.25805100000000003,-0.25805200000000006,-0.258053,-0.258054
6300,-0.26000500000000004,-0.26005100000000003,-0.26005200000000006,-0.260053,-0.260054
6310,-0.26200500000000004,-0.26205100000000003,-0.26205200000000006,-0.262053,-0.262054
6320,-0.26400500000000005,-0.26405100000000004,-0.26405200000000006,-0.264053,-0.264054
6330,-0.26600500000000005,-0.26605100000000004,-0.26605200000000007,-0.266053,-0.266054
6340,-0.26800500000000005,-0.26805100000000004,-0.26805200000000007,-0.268053,-0.268054
6350,-0.27000500000000005,-0.27005100000000004,-0.27005200000000007,-0.270053,-0.270054
6360,-0.27200500000000005,-0.27205100000000004,-0.27205200000000007,-0.272053,-0.272054
6370,-0.27400500000000005,-0.27405100000000004,-0.2740520000000001,-0.274053,-0.274054
6380,-0.27600500000000006,-0.27605100000000005,-0.2760520000000001,-0.276053,-0.276054
6390,-0.27800500000000006,-0.27805100000000005,-0.2780520000000001,-0.278053,-0.278054
6400,-0.28000500000000006,-0.28005100000000005,-0.2800520000000001,-0.280053,-0.280054
6410,-0.28200500000000006,-0.28205100000000005,-0.2820520000000001,-0.282053,-0.282054
6420,-0.28400500000000006,-0.28405100000000005,-0.2840520000000001,-0.284053,-0.28405400000000003
6430,-0.28600500000000006,-0.28605100000000006,-0.2860520000000001,-0.286053,-0.28605400000000003
6440,-0.28800500000000007,-0.28805100000000006,-0.2880520000000001,-0.288053,-0.28805400000000003
6450,-0.29000500000000007,-0.29005100000000006,-0.2900520000000001,-0.290053,-0.29005400000000003
6460,-0.29200500000000007,-0.29205100000000006,-0.2920520000000001,-0.292053,-0.29205400000000004
6470,-0.29400500000000007,-0.29405100000000006,-0.2940520000000001,-0.294053,-0.29405400000000004
6480,-0.2960050000000001,-0.29605100000000006,-0.2960520000000001,-0.296053,-0.29605400000000004
6490,-0.2980050000000001,-0.29805100000000007,-0.2980520000000001,-0.298053,-0.29805400000000004
6500,-0.3000050000000001,-0.30005100000000007,-0.3000520000000001,-0.300053,-0.30005400000000004
6510,-0.3020050000000001,-0.30205100000000007,-0.3020520000000001,-0.302053,-0.30205400000000004
6520,-0.3040050000000001,-0.30405100000000007,-0.3040520000000001,-0.304053,-0.30405400000000005
6530,-0.3060050000000001,-0.3060510000000001,-0.3060520000000001,-0.306053,-0.30605400000000005
6540,-0.3080050000000001,-0.3080510000000001,-0.3080520000000001,-0.308053,-0.30805400000000005
6550,-0.3100050000000001,-0.3100510000000001,-0.3100520000000001,-0.310053,-0.31005400000000005
6560,-0.3120050000000001,-0.3120510000000001,-0.3120520000000001,-0.312053,-0.31205400000000005
6570,-0.3140050000000001,-0.3140510000000001,-0.3140520000000001,-0.314053,-0.31405400000000006
6580,-0.3160050000000001,-0.3160510000000001,-0.3160520000000001,-0.31605300000000003,-0.31605400000000006
6590,-0.3180050000000001,-0.3180510000000001,-0.3180520000000001,-0.31805300000000003,-0.31805400000000006
6600,-0.3200050000000001,-0.3200510000000001,-0.3200520000000001,-0.32005300000000003,-0.32005400000000006
6610,-0.3220050000000001,-0.3220510000000001,-0.3220520000000001,-0.32205300000000003,-0.32205400000000006
6620,-0.3240050000000001,-0.3240510000000001,-0.3240520000000001,-0.32405300000000004,-0.32405400000000006
6630,-0.3260050000000001,-0.3260510000000001,-0.3260520000000001,-0.32605300000000004,-0.32605400000000007
6640,-0.3280050000000001,-0.3280510000000001,-0.3280520000000001,-0.32805300000000004,-0.32805400000000007
6650,-0.3300050000000001,-0.3300510000000001,-0.3300520000000001,-0.33005300000000004,-0.33005400000000007
6660,-0.3320050000000001,-0.3320510000000001,-0.3320520000000001,-0.33205300000000004,-0.33205400000000007
6670,-0.3340050000000001,-0.3340510000000001,-0.3340520000000001,-0.33405300000000004,-0.3340540000000001
6680,-0.3360050000000001,-0.3360510000000001,-0.33605200000000013,-0.33605300000000005,-0.3360540000000001
6690,-0.3380050000000001,-0.3380510000000001,-0.33805200000000013,-0.33805300000000005,-0.3380540000000001
6700,-0.3400050000000001,-0.3400510000000001,-0.34005200000000013,-0.34005300000000005,-0.3400540000000001
6710,-0.3420050000000001,-0.3420510000000001,-0.34205200000000013,-0.34205300000000005,-0.3420540000000001
6720,-0.3440050000000001,-0.3440510000000001,-0.34405200000000014,-0.34405300000000005,-0.3440540000000001
6730,-0.3460050000000001,-0.3460510000000001,-0.34605200000000014,-0.34605300000000006,-0.3460540000000001
6740,-0.3480050000000001,-0.3480510000000001,-0.34805200000000014,-0.34805300000000006,-0.3480540000000001
6750,-0.3500050000000001,-0.3500510000000001,-0.35005200000000014,-0.35005300000000006,-0.3500540000000001
6760,-0.3520050000000001,-0.3520510000000001,-0.35205200000000014,-0.35205300000000006,-0.3520540000000001
6770,-0.3540050000000001,-0.3540510000000001,-0.35405200000000014,-0.35405300000000006,-0.3540540000000001
6780,-0.3560050000000001,-0.3560510000000001,-0.35605200000000015,-0.35605300000000006,-0.3560540000000001
6790,-0.35800500000000013,-0.3580510000000001,-0.35805200000000015,-0.35805300000000007,-0.3580540000000001
6800,-0.36000500000000013,-0.3600510000000001,-0.36005200000000015,-0.36005300000000007,-0.3600540000000001
6810,-0.36200500000000013,-0.3620510000000001,-0.36205200000000015,-0.36205300000000007,-0.3620540000000001
6820,-0.36400500000000013,-0.3640510000000001,-0.36405200000000015,-0.36405300000000007,-0.3640540000000001
6830,-0.36600500000000014,-0.3660510000000001,-0.36605200000000016,-0.3660530000000001,-0.3660540000000001
6840,-0.36800500000000014,-0.36805100000000013,-0.36805200000000016,-0.3680530000000001,-0.3680540000000001
6850,-0.37000500000000014,-0.37005100000000013,-0.37005200000000016,-0.3700530000000001,-0.3700540000000001
6860,-0.37200500000000014,-0.37205100000000013,-0.37205200000000016,-0.3720530000000001,-0.3720540000000001
6870,-0.37400500000000014,-0.37405100000000013,-0.37405200000000016,-0.3740530000000001,-0.3740540000000001
6880,-0.37600500000000014,-0.37605100000000014,-0.37605200000000016,-0.3760530000000001,-0.3760540000000001
6890,-0.37800500000000015,-0.37805100000000014,-0.37805200000000017,-0.3780530000000001,-0.3780540000000001
6900,-0.38000500000000015,-0.38005100000000014,-0.38005200000000017,-0.3800530000000001,-0.3800540000000001
6910,-0.38200500000000015,-0.38205100000000014,-0.38205200000000017,-0.3820530000000001,-0.3820540000000001
6920,-0.38400500000000015,-0.38405100000000014,-0.38405200000000017,-0.3840530000000001,-0.3840540000000001
6930,-0.38600500000000015,-0.38605100000000014,-0.3860520000000002,-0.3860530000000001,-0.3860540000000001
6940,-0.38800500000000016,-0.38805100000000015,-0.3880520000000002,-0.3880530000000001,-0.3880540000000001
6950,-0.39000500000000016,-0.39005100000000015,-0.3900520000000002,-0.3900530000000001,-0.3900540000000001
6960,-0.39200500000000016,-0.39205100000000015,-0.3920520000000002,-0.3920530000000001,-0.3920540000000001
6970,-0.39400500000000016,-0.39405100000000015,-0.3940520000000002,-0.3940530000000001,-0.3940540000000001
6980,-0.39600500000000016,-0.39605100000000015,-0.3960520000000002,-0.3960530000000001,-0.39605400000000013
6990,-0.39800500000000016,-0.39805100000000015,-0.3980520000000002,-0.3980530000000001,-0.39805400000000013
7000,-0.40000500000000017,-0.40005100000000016,-0.4000520000000002,-0.4000530000000001,-0.40005400000000013
7010,-0.40200500000000017,-0.40205100000000016,-0.4020520000000002,-0.4020530000000001,-0.40205400000000013
7020,-0.40400500000000017,-0.40405100000000016,-0.4040520000000002,-0.4040530000000001,-0.40405400000000014
7030,-0.40600500000000017,-0.40605100000000016,-0.4060520000000002,-0.4060530000000001,-0.40605400000000014
7040,-0.40800499999999995,-0.40805099999999994,-0.40805199999999997,-0.4080529999999999,-0.4080539999999999
7050,-0.41000499999999995,-0.41005099999999994,-0.41005199999999997,-0.4100529999999999,-0.4100539999999999
7060,-0.41200499999999995,-0.41205099999999995,-0.412052,-0.4120529999999999,-0.4120539999999999
7070,-0.41400499999999996,-0.41405099999999995,-0.414052,-0.4140529999999999,-0.4140539999999999
7080,-0.41600499999999996,-0.41605099999999995,-0.416052,-0.4160529999999999,-0.4160539999999999
7090,-0.41800499999999996,-0.41805099999999995,-0.418052,-0.4180529999999999,-0.4180539999999999
7100,-0.42000499999999996,-0.42005099999999995,-0.420052,-0.4200529999999999,-0.4200539999999999
7110,-0.42200499999999996,-0.42205099999999995,-0.422052,-0.4220529999999999,-0.42205399999999993
7120,-0.42400499999999997,-0.42405099999999996,-0.424052,-0.4240529999999999,-0.42405399999999993
7130,-0.42600499999999997,-0.42605099999999996,-0.426052,-0.4260529999999999,-0.42605399999999993
7140,-0.42800499999999997,-0.42805099999999996,-0.428052,-0.4280529999999999,-0.42805399999999993
7150,-0.43000499999999997,-0.43005099999999996,-0.430052,-0.4300529999999999,-0.43005399999999994
7160,-0.432005,-0.43205099999999996,-0.432052,-0.4320529999999999,-0.43205399999999994
7170,-0.434005,-0.43405099999999996,-0.434052,-0.4340529999999999,-0.43405399999999994
7180,-0.436005,-0.43605099999999997,-0.436052,-0.4360529999999999,-0.43605399999999994
7190,-0.438005,-0.43805099999999997,-0.438052,-0.4380529999999999,-0.43805399999999994
7200,-0.440005,-0.44005099999999997,-0.440052,-0.4400529999999999,-0.44005399999999995
7210,-0.442005,-0.44205099999999997,-0.442052,-0.4420529999999999,-0.44205399999999995
7220,-0.444005,-0.444051,-0.444052,-0.4440529999999999,-0.44405399999999995
7230,-0.446005,-0.446051,-0.446052,-0.4460529999999999,-0.44605399999999995
7240,-0.448005,-0.448051,-0.448052,-0.4480529999999999,-0.44805399999999995
7250,-0.450005,-0.450051,-0.450052,-0.4500529999999999,-0.45005399999999995
7260,-0.452005,-0.452051,-0.452052,-0.4520529999999999,-0.45205399999999996
7270,-0.454005,-0.454051,-0.454052,-0.45405299999999993,-0.45405399999999996
7280,-0.456005,-0.456051,-0.456052,-0.45605299999999993,-0.45605399999999996
7290,-0.458005,-0.458051,-0.458052,-0.45805299999999993,-0.45805399999999996
7300,-0.460005,-0.460051,-0.460052,-0.46005299999999993,-0.46005399999999996
7310,-0.462005,-0.462051,-0.462052,-0.46205299999999994,-0.46205399999999996
7320,-0.464005,-0.464051,-0.464052,-0.46405299999999994,-0.46405399999999997
7330,-0.466005,-0.466051,-0.466052,-0.46605299999999994,-0.46605399999999997
7340,-0.468005,-0.468051,-0.468052,-0.46805299999999994,-0.46805399999999997
7350,-0.470005,-0.470051,-0.470052,-0.47005299999999994,-0.47005399999999997
7360,-0.472005,-0.472051,-0.472052,-0.47205299999999994,-0.472054
7370,-0.474005,-0.474051,-0.47405200000000003,-0.47405299999999995,-0.474054
7380,-0.476005,-0.476051,-0.47605200000000003,-0.47605299999999995,-0.476054
7390,-0.478005,-0.478051,-0.47805200000000003,-0.47805299999999995,-0.478054
7400,-0.480005,-0.480051,-0.48005200000000003,-0.48005299999999995,-0.480054
7410,-0.482005,-0.482051,-0.48205200000000004,-0.48205299999999995,-0.482054
7420,-0.484005,-0.484051,-0.48405200000000004,-0.48405299999999996,-0.484054
7430,-0.486005,-0.486051,-0.48605200000000004,-0.48605299999999996,-0.486054
7440,-0.488005,-0.488051,-0.48805200000000004,-0.48805299999999996,-0.488054
7450,-0.490005,-0.490051,-0.49005200000000004,-0.49005299999999996,-0.490054
7460,-0.492005,-0.492051,-0.49205200000000004,-0.49205299999999996,-0.492054
7470,-0.494005,-0.494051,-0.49405200000000005,-0.49405299999999996,-0.494054
7480,-0.49600500000000003,-0.496051,-0.49605200000000005,-0.49605299999999997,-0.496054
7490,-0.49800500000000003,-0.498051,-0.49805200000000005,-0.49805299999999997,-0.498054
7500,-0.500005,-0.500051,-0.500052,-0.500053,-0.500054
7510,-0.502005,-0.502051,-0.502052,-0.502053,-0.502054
7520,-0.504005,-0.504051,-0.5040520000000001,-0.504053,-0.504054
7530,-0.506005,-0.506051,-0.5060520000000001,-0.506053,-0.506054
7540,-0.508005,-0.508051,-0.5080520000000001,-0.508053,-0.508054
7550,-0.510005,-0.510051,-0.5100520000000001,-0.510053,-0.510054
7560,-0.512005,-0.512051,-0.5120520000000001,-0.512053,-0.512054
7570,-0.514005,-0.514051,-0.5140520000000001,-0.514053,-0.514054
7580,-0.516005,-0.516051,-0.5160520000000001,-0.516053,-0.516054
7590,-0.518005,-0.518051,-0.5180520000000001,-0.518053,-0.518054
7600,-0.520005,-0.520051,-0.5200520000000001,-0.520053,-0.520054
7610,-0.522005,-0.522051,-0.5220520000000001,-0.522053,-0.522054
7620,-0.524005,-0.524051,-0.5240520000000001,-0.524053,-0.524054
7630,-0.5260050000000001,-0.526051,-0.5260520000000001,-0.526053,-0.526054
7640,-0.5280050000000001,-0.528051,-0.5280520000000001,-0.528053,-0.528054
7650,-0.5300050000000001,-0.530051,-0.5300520000000001,-0.530053,-0.530054
7660,-0.5320050000000001,-0.532051,-0.5320520000000001,-0.532053,-0.532054
7670,-0.5340050000000001,-0.534051,-0.5340520000000001,-0.534053,-0.534054
7680,-0.5360050000000001,-0.536051,-0.5360520000000001,-0.536053,-0.536054
7690,-0.5380050000000001,-0.5380510000000001,-0.5380520000000001,-0.538053,-0.538054
7700,-0.5400050000000001,-0.5400510000000001,-0.5400520000000001,-0.540053,-0.540054
7710,-0.5420050000000001,-0.5420510000000001,-0.5420520000000001,-0.542053,-0.542054
7720,-0.5440050000000001,-0.5440510000000001,-0.5440520000000001,-0.544053,-0.544054
7730,-0.5460050000000001,-0.5460510000000001,-0.5460520000000001,-0.546053,-0.546054
7740,-0.5480050000000001,-0.5480510000000001,-0.5480520000000001,-0.548053,-0.548054
7750,-0.5500050000000001,-0.5500510000000001,-0.5500520000000001,-0.550053,-0.550054
7760,-0.5520050000000001,-0.5520510000000001,-0.5520520000000001,-0.552053,-0.552054
7770,-0.5540050000000001,-0.5540510000000001,-0.5540520000000001,-0.554053,-0.554054
7780,-0.5560050000000001,-0.5560510000000001,-0.5560520000000001,-0.556053,-0.556054
7790,-0.5580050000000001,-0.5580510000000001,-0.5580520000000001,-0.558053,-0.558054
7800,-0.5600050000000001,-0.5600510000000001,-0.5600520000000001,-0.560053,-0.560054
7810,-0.5620050000000001,-0.5620510000000001,-0.5620520000000001,-0.562053,-0.562054
7820,-0.5640050000000001,-0.5640510000000001,-0.5640520000000001,-0.564053,-0.564054
7830,-0.5660050000000001,-0.5660510000000001,-0.5660520000000001,-0.566053,-0.5660540000000001
7840,-0.5680050000000001,-0.5680510000000001,-0.5680520000000001,-0.568053,-0.5680540000000001
7850,-0.5700050000000001,-0.5700510000000001,-0.5700520000000001,-0.570053,-0.5700540000000001
7860,-0.5720050000000001,-0.5720510000000001,-0.5720520000000001,-0.572053,-0.5720540000000001
7870,-0.5740050000000001,-0.5740510000000001,-0.5740520000000001,-0.574053,-0.5740540000000001
7880,-0.5760050000000001,-0.5760510000000001,-0.5760520000000001,-0.576053,-0.5760540000000001
7890,-0.5780050000000001,-0.5780510000000001,-0.5780520000000001,-0.578053,-0.5780540000000001
7900,-0.5800050000000001,-0.5800510000000001,-0.5800520000000001,-0.580053,-0.5800540000000001
7910,-0.5820050000000001,-0.5820510000000001,-0.5820520000000001,-0.582053,-0.5820540000000001
7920,-0.5840050000000001,-0.5840510000000001,-0.5840520000000001,-0.584053,-0.5840540000000001
7930,-0.5860050000000001,-0.5860510000000001,-0.5860520000000001,-0.586053,-0.5860540000000001
7940,-0.5880050000000001,-0.5880510000000001,-0.5880520000000001,-0.588053,-0.5880540000000001
7950,-0.5900050000000001,-0.5900510000000001,-0.5900520000000001,-0.590053,-0.5900540000000001
7960,-0.5920050000000001,-0.5920510000000001,-0.5920520000000001,-0.592053,-0.5920540000000001
7970,-0.5940050000000001,-0.5940510000000001,-0.5940520000000001,-0.594053,-0.5940540000000001
7980,-0.5960050000000001,-0.5960510000000001,-0.5960520000000001,-0.596053,-0.5960540000000001
7990,-0.5980050000000001,-0.5980510000000001,-0.5980520000000001,-0.5980530000000001,-0.5980540000000001
8000,-0.6000050000000001,-0.6000510000000001,-0.6000520000000001,-0.6000530000000001,-0.6000540000000001
8010,-0.6020050000000001,-0.6020510000000001,-0.6020520000000001,-0.6020530000000001,-0.6020540000000001
8020,-0.6040050000000001,-0.6040510000000001,-0.6040520000000001,-0.6040530000000001,-0.6040540000000001
8030,-0.6060050000000001,-0.6060510000000001,-0.6060520000000001,-0.6060530000000001,-0.6060540000000001
8040,-0.6080050000000001,-0.6080510000000001,-0.6080520000000001,-0.6080530000000001,-0.6080540000000001
8050,-0.6100050000000001,-0.6100510000000001,-0.6100520000000001,-0.6100530000000001,-0.6100540000000001
8060,-0.6120050000000001,-0.6120510000000001,-0.6120520000000002,-0.6120530000000001,-0.6120540000000001
8070,-0.6140050000000001,-0.6140510000000001,-0.6140520000000002,-0.6140530000000001,-0.6140540000000001
8080,-0.6160050000000001,-0.6160510000000001,-0.6160520000000002,-0.6160530000000001,-0.6160540000000001
8090,-0.6180050000000001,-0.6180510000000001,-0.6180520000000002,-0.6180530000000001,-0.6180540000000001
8100,-0.6200050000000001,-0.6200510000000001,-0.6200520000000002,-0.6200530000000001,-0.6200540000000001
8110,-0.6220050000000001,-0.6220510000000001,-0.6220520000000002,-0.6220530000000001,-0.6220540000000001
8120,-0.6240050000000001,-0.6240510000000001,-0.6240520000000002,-0.6240530000000001,-0.6240540000000001
8130,-0.6260050000000001,-0.6260510000000001,-0.6260520000000002,-0.6260530000000001,-0.6260540000000001
8140,-0.6280050000000001,-0.6280510000000001,-0.6280520000000002,-0.6280530000000001,-0.6280540000000001
8150,-0.6300050000000001,-0.6300510000000001,-0.6300520000000002,-0.6300530000000001,-0.6300540000000001
8160,-0.6320050000000001,-0.6320510000000001,-0.6320520000000002,-0.6320530000000001,-0.6320540000000001
8170,-0.6340050000000002,-0.6340510000000001,-0.6340520000000002,-0.6340530000000001,-0.6340540000000001
8180,-0.6360050000000002,-0.6360510000000001,-0.6360520000000002,-0.6360530000000001,-0.6360540000000001
8190,-0.6380050000000002,-0.6380510000000001,-0.6380520000000002,-0.6380530000000001,-0.6380540000000001
8200,-0.6400050000000002,-0.6400510000000001,-0.6400520000000002,-0.6400530000000001,-0.6400540000000001
8210,-0.6420050000000002,-0.6420510000000001,-0.6420520000000002,-0.6420530000000001,-0.6420540000000001
8220,-0.6440050000000002,-0.6440510000000002,-0.6440520000000002,-0.6440530000000001,-0.6440540000000001
8230,-0.6460050000000002,-0.6460510000000002,-0.6460520000000002,-0.6460530000000001,-0.6460540000000001
8240,-0.6480050000000002,-0.6480510000000002,-0.6480520000000002,-0.6480530000000001,-0.6480540000000001
8250,-0.6500050000000002,-0.6500510000000002,-0.6500520000000002,-0.6500530000000001,-0.6500540000000001
8260,-0.6520050000000002,-0.6520510000000002,-0.6520520000000002,-0.6520530000000001,-0.6520540000000001
8270,-0.6540050000000002,-0.6540510000000002,-0.6540520000000002,-0.6540530000000001,-0.6540540000000001
8280,-0.6560050000000002,-0.6560510000000002,-0.6560520000000002,-0.6560530000000001,-0.6560540000000001
8290,-0.6580050000000002,-0.6580510000000002,-0.6580520000000002,-0.6580530000000001,-0.6580540000000001
8300,-0.6600050000000002,-0.6600510000000002,-0.6600520000000002,-0.6600530000000001,-0.6600540000000001
8310,-0.6620050000000002,-0.6620510000000002,-0.6620520000000002,-0.6620530000000001,-0.6620540000000001
8320,-0.6640050000000002,-0.6640510000000002,-0.6640520000000002,-0.6640530000000001,-0.6640540000000001
8330,-0.666005,-0.666051,-0.666052,-0.6660529999999999,-0.6660539999999999
8340,-0.668005,-0.668051,-0.668052,-0.6680529999999999,-0.6680539999999999
8350,-0.670005,-0.670051,-0.670052,-0.6700529999999999,-0.6700539999999999
8360,-0.672005,-0.672051,-0.672052,-0.6720529999999999,-0.6720539999999999
8370,-0.674005,-0.674051,-0.674052,-0.6740529999999999,-0.6740539999999999
8380,-0.676005,-0.676051,-0.676052,-0.6760529999999999,-0.6760539999999999
8390,-0.678005,-0.678051,-0.678052,-0.6780529999999999,-0.6780539999999999
8400,-0.680005,-0.680051,-0.680052,-0.6800529999999999,-0.6800539999999999
8410,-0.682005,-0.682051,-0.682052,-0.6820529999999999,-0.6820539999999999
8420,-0.684005,-0.684051,-0.684052,-0.6840529999999999,-0.6840539999999999
8430,-0.686005,-0.686051,-0.686052,-0.6860529999999999,-0.6860539999999999
8440,-0.688005,-0.688051,-0.688052,-0.6880529999999999,-0.6880539999999999
8450,-0.690005,-0.690051,-0.690052,-0.6900529999999999,-0.690054
8460,-0.692005,-0.692051,-0.692052,-0.6920529999999999,-0.692054
8470,-0.694005,-0.694051,-0.694052,-0.6940529999999999,-0.694054
8480,-0.696005,-0.696051,-0.696052,-0.6960529999999999,-0.696054
8490,-0.698005,-0.698051,-0.698052,-0.6980529999999999,-0.698054
8500,-0.700005,-0.700051,-0.700052,-0.7000529999999999,-0.700054
8510,-0.702005,-0.702051,-0.702052,-0.7020529999999999,-0.702054
8520,-0.704005,-0.704051,-0.704052,-0.7040529999999999,-0.704054
8530,-0.706005,-0.706051,-0.706052,-0.7060529999999999,-0.706054
8540,-0.708005,-0.708051,-0.708052,-0.7080529999999999,-0.708054
8550,-0.710005,-0.710051,-0.710052,-0.7100529999999999,-0.710054
8560,-0.712005,-0.712051,-0.712052,-0.7120529999999999,-0.712054
8570,-0.714005,-0.714051,-0.714052,-0.7140529999999999,-0.714054
8580,-0.716005,-0.716051,-0.716052,-0.7160529999999999,-0.716054
8590,-0.718005,-0.718051,-0.718052,-0.7180529999999999,-0.718054
8600,-0.720005,-0.720051,-0.720052,-0.7200529999999999,-0.720054
8610,-0.722005,-0.722051,-0.722052,-0.722053,-0.722054
8620,-0.724005,-0.724051,-0.724052,-0.724053,-0.724054
8630,-0.726005,-0.726051,-0.726052,-0.726053,-0.726054
8640,-0.728005,-0.728051,-0.728052,-0.728053,-0.728054
8650,-0.730005,-0.730051,-0.730052,-0.730053,-0.730054
8660,-0.732005,-0.732051,-0.732052,-0.732053,-0.732054
8670,-0.734005,-0.734051,-0.734052,-0.734053,-0.734054
8680,-0.736005,-0.736051,-0.736052,-0.736053,-0.736054
8690,-0.738005,-0.738051,-0.738052,-0.738053,-0.738054
8700,-0.740005,-0.740051,-0.740052,-0.740053,-0.740054
8710,-0.742005,-0.742051,-0.742052,-0.742053,-0.742054
8720,-0.744005,-0.744051,-0.744052,-0.744053,-0.744054
8730,-0.746005,-0.746051,-0.746052,-0.746053,-0.746054
8740,-0.748005,-0.748051,-0.748052,-0.748053,-0.748054
8750,-0.750005,-0.750051,-0.750052,-0.750053,-0.750054
8760,-0.752005,-0.752051,-0.752052,-0.752053,-0.752054
8770,-0.754005,-0.754051,-0.7540520000000001,-0.754053,-0.754054
8780,-0.756005,-0.756051,-0.7560520000000001,-0.756053,-0.756054
8790,-0.758005,-0.758051,-0.7580520000000001,-0.758053,-0.758054
8800,-0.760005,-0.760051,-0.7600520000000001,-0.760053,-0.760054
8810,-0.762005,-0.762051,-0.7620520000000001,-0.762053,-0.762054
8820,-0.764005,-0.764051,-0.7640520000000001,-0.764053,-0.764054
8830,-0.766005,-0.766051,-0.7660520000000001,-0.766053,-0.766054
8840,-0.768005,-0.768051,-0.7680520000000001,-0.768053,-0.768054
8850,-0.770005,-0.770051,-0.7700520000000001,-0.770053,-0.770054
8860,-0.772005,-0.772051,-0.7720520000000001,-0.772053,-0.772054
8870,-0.774005,-0.774051,-0.7740520000000001,-0.774053,-0.774054
8880,-0.7760050000000001,-0.776051,-0.7760520000000001,-0.776053,-0.776054
8890,-0.7780050000000001,-0.778051,-0.7780520000000001,-0.778053,-0.778054
8900,-0.7800050000000001,-0.780051,-0.7800520000000001,-0.780053,-0.780054
8910,-0.7820050000000001,-0.782051,-0.7820520000000001,-0.782053,-0.782054
8920,-0.7840050000000001,-0.784051,-0.7840520000000001,-0.784053,-0.784054
8930,-0.7860050000000001,-0.786051,-0.7860520000000001,-0.786053,-0.786054
8940,-0.7880050000000001,-0.7880510000000001,-0.7880520000000001,-0.788053,-0.788054
8950,-0.7900050000000001,-0.7900510000000001,-0.7900520000000001,-0.790053,-0.790054
8960,-0.7920050000000001,-0.7920510000000001,-0.7920520000000001,-0.792053,-0.792054
8970,-0.7940050000000001,-0.7940510000000001,-0.7940520000000001,-0.794053,-0.794054
8980,-0.7960050000000001,-0.7960510000000001,-0.7960520000000001,-0.796053,-0.796054
8990,-0.7980050000000001,-0.7980510000000001,-0.7980520000000001,-0.798053,-0.798054
9000,-0.8000050000000001,-0.8000510000000001,-0.8000520000000001,-0.800053,-0.800054
9010,-0.8020050000000001,-0.8020510000000001,-0.8020520000000001,-0.802053,-0.802054
9020,-0.8040050000000001,-0.8040510000000001,-0.8040520000000001,-0.804053,-0.804054
9030,-0.8060050000000001,-0.8060510000000001,-0.8060520000000001,-0.806053,-0.806054
9040,-0.8080050000000001,-0.8080510000000001,-0.8080520000000001,-0.808053,-0.808054
9050,-0.8100050000000001,-0.8100510000000001,-0.8100520000000001,-0.810053,-0.810054
9060,-0.8120050000000001,-0.8120510000000001,-0.8120520000000001,-0.812053,-0.812054
9070,-0.8140050000000001,-0.8140510000000001,-0.8140520000000001,-0.814053,-0.814054
9080,-0.8160050000000001,-0.8160510000000001,-0.8160520000000001,-0.816053,-0.8160540000000001
9090,-0.8180050000000001,-0.8180510000000001,-0.8180520000000001,-0.818053,-0.8180540000000001
9100,-0.8200050000000001,-0.8200510000000001,-0.8200520000000001,-0.820053,-0.8200540000000001
9110,-0.8220050000000001,-0.8220510000000001,-0.8220520000000001,-0.822053,-0.8220540000000001
9120,-0.8240050000000001,-0.8240510000000001,-0.8240520000000001,-0.824053,-0.8240540000000001
9130,-0.8260050000000001,-0.8260510000000001,-0.8260520000000001,-0.826053,-0.8260540000000001
9140,-0.8280050000000001,-0.8280510000000001,-0.8280520000000001,-0.828053,-0.8280540000000001
9150,-0.8300050000000001,-0.8300510000000001,-0.8300520000000001,-0.830053,-0.8300540000000001
9160,-0.8320050000000001,-0.8320510000000001,-0.8320520000000001,-0.832053,-0.8320540000000001
9170,-0.8340050000000001,-0.8340510000000001,-0.8340520000000001,-0.834053,-0.8340540000000001
9180,-0.8360050000000001,-0.8360510000000001,-0.8360520000000001,-0.836053,-0.8360540000000001
9190,-0.8380050000000001,-0.8380510000000001,-0.8380520000000001,-0.838053,-0.8380540000000001
9200,-0.8400050000000001,-0.8400510000000001,-0.8400520000000001,-0.840053,-0.8400540000000001
9210,-0.8420050000000001,-0.8420510000000001,-0.8420520000000001,-0.842053,-0.8420540000000001
9220,-0.8440050000000001,-0.8440510000000001,-0.8440520000000001,-0.844053,-0.8440540000000001
9230,-0.8460050000000001,-0.8460510000000001,-0.8460520000000001,-0.846053,-0.8460540000000001
9240,-0.8480050000000001,-0.8480510000000001,-0.8480520000000001,-0.8480530000000001,-0.8480540000000001
9250,-0.8500050000000001,-0.8500510000000001,-0.8500520000000001,-0.8500530000000001,-0.8500540000000001
9260,-0.8520050000000001,-0.8520510000000001,-0.8520520000000001,-0.8520530000000001,-0.8520540000000001
9270,-0.8540050000000001,-0.8540510000000001,-0.8540520000000001,-0.8540530000000001,-0.8540540000000001
9280,-0.8560050000000001,-0.8560510000000001,-0.8560520000000001,-0.8560530000000001,-0.8560540000000001
9290,-0.8580050000000001,-0.8580510000000001,-0.8580520000000001,-0.8580530000000001,-0.8580540000000001
9300,-0.8600050000000001,-0.8600510000000001,-0.8600520000000001,-0.8600530000000001,-0.8600540000000001
9310,-0.8620050000000001,-0.8620510000000001,-0.8620520000000002,-0.8620530000000001,-0.8620540000000001
9320,-0.8640050000000001,-0.8640510000000001,-0.8640520000000002,-0.8640530000000001,-0.8640540000000001
9330,-0.8660050000000001,-0.8660510000000001,-0.8660520000000002,-0.8660530000000001,-0.8660540000000001
9340,-0.8680050000000001,-0.8680510000000001,-0.8680520000000002,-0.8680530000000001,-0.8680540000000001
9350,-0.8700050000000001,-0.8700510000000001,-0.8700520000000002,-0.8700530000000001,-0.8700540000000001
9360,-0.8720050000000001,-0.8720510000000001,-0.8720520000000002,-0.8720530000000001,-0.8720540000000001
9370,-0.8740050000000001,-0.8740510000000001,-0.8740520000000002,-0.8740530000000001,-0.8740540000000001
9380,-0.8760050000000001,-0.8760510000000001,-0.8760520000000002,-0.8760530000000001,-0.8760540000000001
9390,-0.8780050000000001,-0.8780510000000001,-0.8780520000000002,-0.8780530000000001,-0.8780540000000001
9400,-0.8800050000000001,-0.8800510000000001,-0.8800520000000002,-0.8800530000000001,-0.8800540000000001
9410,-0.8820050000000001,-0.8820510000000001,-0.8820520000000002,-0.8820530000000001,-0.8820540000000001
9420,-0.8840050000000002,-0.8840510000000001,-0.8840520000000002,-0.8840530000000001,-0.8840540000000001
9430,-0.8860050000000002,-0.8860510000000001,-0.8860520000000002,-0.8860530000000001,-0.8860540000000001
9440,-0.8880050000000002,-0.8880510000000001,-0.8880520000000002,-0.8880530000000001,-0.8880540000000001
9450,-0.8900050000000002,-0.8900510000000001,-0.8900520000000002,-0.8900530000000001,-0.8900540000000001
9460,-0.8920050000000002,-0.8920510000000001,-0.8920520000000002,-0.8920530000000001,-0.8920540000000001
9470,-0.8940050000000002,-0.8940510000000002,-0.8940520000000002,-0.8940530000000001,-0.8940540000000001
9480,-0.8960050000000002,-0.8960510000000002,-0.8960520000000002,-0.8960530000000001,-0.8960540000000001
9490,-0.8980050000000002,-0.8980510000000002,-0.8980520000000002,-0.8980530000000001,-0.8980540000000001
9500,-0.9000050000000002,-0.9000510000000002,-0.9000520000000002,-0.9000530000000001,-0.9000540000000001
9510,-0.9020050000000002,-0.9020510000000002,-0.9020520000000002,-0.9020530000000001,-0.9020540000000001
9520,-0.9040050000000002,-0.9040510000000002,-0.9040520000000002,-0.9040530000000001,-0.9040540000000001
9530,-0.9060050000000002,-0.9060510000000002,-0.9060520000000002,-0.9060530000000001,-0.9060540000000001
9540,-0.9080050000000002,-0.9080510000000002,-0.9080520000000002,-0.9080530000000001,-0.9080540000000001
9550,-0.9100050000000002,-0.9100510000000002,-0.9100520000000002,-0.9100530000000001,-0.9100540000000001
9560,-0.9120050000000002,-0.9120510000000002,-0.9120520000000002,-0.9120530000000001,-0.9120540000000001
9570,-0.9140050000000002,-0.9140510000000002,-0.9140520000000002,-0.9140530000000001,-0.9140540000000001
9580,-0.9160050000000002,-0.9160510000000002,-0.9160520000000002,-0.9160530000000001,-0.9160540000000001
9590,-0.9180050000000002,-0.9180510000000002,-0.9180520000000002,-0.9180530000000001,-0.9180540000000001
9600,-0.920005,-0.920051,-0.920052,-0.9200529999999999,-0.9200539999999999
9610,-0.922005,-0.922051,-0.922052,-0.9220529999999999,-0.9220539999999999
9620,-0.924005,-0.924051,-0.924052,-0.9240529999999999,-0.9240539999999999
9630,-0.926005,-0.926051,-0.926052,-0.9260529999999999,-0.9260539999999999
9640,-0.928005,-0.928051,-0.928052,-0.9280529999999999,-0.9280539999999999
9650,-0.930005,-0.930051,-0.930052,-0.9300529999999999,-0.9300539999999999
9660,-0.932005,-0.932051,-0.932052,-0.9320529999999999,-0.9320539999999999
9670,-0.934005,-0.934051,-0.934052,-0.9340529999999999,-0.9340539999999999
9680,-0.936005,-0.936051,-0.936052,-0.9360529999999999,-0.9360539999999999
9690,-0.938005,-0.938051,-0.938052,-0.9380529999999999,-0.9380539999999999
9700,-0.940005,-0.940051,-0.940052,-0.9400529999999999,-0.940054
9710,-0.942005,-0.942051,-0.942052,-0.9420529999999999,-0.942054
9720,-0.944005,-0.944051,-0.944052,-0.9440529999999999,-0.944054
9730,-0.946005,-0.946051,-0.946052,-0.9460529999999999,-0.946054
9740,-0.948005,-0.948051,-0.948052,-0.9480529999999999,-0.948054
9750,-0.950005,-0.950051,-0.950052,-0.9500529999999999,-0.950054
9760,-0.952005,-0.952051,-0.952052,-0.9520529999999999,-0.952054
9770,-0.954005,-0.954051,-0.954052,-0.9540529999999999,-0.954054
9780,-0.956005,-0.956051,-0.956052,-0.9560529999999999,-0.956054
9790,-0.958005,-0.958051,-0.958052,-0.9580529999999999,-0.958054
9800,-0.960005,-0.960051,-0.960052,-0.9600529999999999,-0.960054
9810,-0.962005,-0.962051,-0.962052,-0.9620529999999999,-0.962054
9820,-0.964005,-0.964051,-0.964052,-0.9640529999999999,-0.964054
9830,-0.966005,-0.966051,-0.966052,-0.9660529999999999,-0.966054
9840,-0.968005,-0.968051,-0.968052,-0.9680529999999999,-0.968054
9850,-0.970005,-0.970051,-0.970052,-0.9700529999999999,-0.970054
9860,-0.972005,-0.972051,-0.972052,-0.972053,-0.972054
9870,-0.974005,-0.974051,-0.974052,-0.974053,-0.974054
9880,-0.976005,-0.976051,-0.976052,-0.976053,-0.976054
9890,-0.978005,-0.978051,-0.978052,-0.978053,-0.978054
9900,-0.980005,-0.980051,-0.980052,-0.980053,-0.980054
9910,-0.982005,-0.982051,-0.982052,-0.982053,-0.982054
9920,-0.984005,-0.984051,-0.984052,-0.984053,-0.984054
9930,-0.986005,-0.986051,-0.986052,-0.986053,-0.986054
9940,-0.988005,-0.988051,-0.988052,-0.988053,-0.988054
9950,-0.990005,-0.990051,-0.990052,-0.990053,-0.990054
9960,-0.992005,-0.992051,-0.992052,-0.992053,-0.992054
9970,-0.994005,-0.994051,-0.994052,-0.994053,-0.994054
9980,-0.996005,-0.996051,-0.996052,-0.996053,-0.996054
9990,-0.998005,-0.998051,-0.998052,-0.998053,-0.998054
