Time (sec),Proposed (kbps),DA (kbps),COA (kbps),PSO (kbps),GA (kbps)
0.0,121502.48357076505,121304.63088773766,121106.99677718293,120903.89180538083,120696.62410862512
0.20040080160320642,121495.30066246208,121305.13826556709,121099.61314837448,120891.23204737027,120692.2633785903
0.40080160320641284,121495.22241062637,121284.18952686037,121090.27811176944,120883.88495748669,120682.00984428279
0.6012024048096193,121495.59110118584,121289.58839327763,121081.73525599123,120881.94705556866,120677.41810818347
0.8016032064128257,121482.79716899812,121279.11151661331,121083.45103640774,120875.10098069499,120662.47581444078
1.0020040080160322,121478.78923505492,121275.52028490482,121076.9173267267,120867.67373951289,120665.99632825631
1.2024048096192386,121483.84796788514,121270.5851245672,121074.41584585966,120867.4097929487,120657.92185904014
1.402805611222445,121475.78106142131,121264.8183227047,121068.10571872785,120862.69235770618,120646.81636045186
1.6032064128256514,121465.5884998138,121264.97206705756,121065.16760325596,120852.34584204669,120647.18400389327
1.8036072144288577,121466.64065592934,121256.16589070052,121052.23364358147,120853.2794339724,120641.56159818312
2.0040080160320644,121457.60275121531,121257.2641077762,121056.48676992737,120834.17131394838,120621.82192011703
2.2044088176352705,121453.58317487944,121251.25181546477,121045.87777758259,120832.89943817454,120619.03206748994
2.404809619238477,121453.11361897306,121245.89944814242,121050.25606388217,120824.27159981983,120611.98595157772
2.6052104208416833,121438.32939035988,121238.14755243127,121031.42380038851,120812.5110042894,120604.11811976499
2.80561122244489,121435.26318638855,121235.39269645337,121038.5395384547,120815.41825989744,120605.95098142409
3.006012024048096,121437.06832187284,121237.64469160007,121025.83925331611,120809.21090173665,120593.82044846445
3.2064128256513027,121430.8075878853,121231.96350377379,121016.58258934064,120811.37486394666,120586.45297689566
3.4068136272545093,121433.43496411789,121220.16232397642,121012.41023014837,120800.94964960514,120570.74221122406
3.6072144288577155,121423.31559104523,121221.13794409228,121008.2179027376,120786.66263301262,120576.92458514102
3.807615230460922,121416.78617688411,121219.9894005467,121006.9304489705,120795.04200591784,120560.53717495961
4.008016032064129,121427.16792320332,121203.47662088898,121002.41377663857,120785.86468751571,120560.0191020291
4.208416833667335,121414.70278182422,121210.13163062122,120991.92107913861,120776.65798350732,120554.09229551144
4.408817635270541,121412.16128831802,121199.69289322932,120989.65778615694,120766.60305044764,120552.49467574473
4.609218436873747,121400.69189033145,121201.45018773174,120995.48089087121,120756.92625071017,120532.13325271383
4.809619238476954,121401.08570160784,121190.37208097079,120988.39723488859,120753.85038896534,120516.5657658742
5.01002004008016,121400.35421214694,121180.75514861492,120976.93111734636,120755.14314189613,120525.56854632097
5.210420841683367,121390.03661527921,121177.23302929355,120969.92949634875,120753.11030627917,120526.63782644864
5.410821643286574,121393.66205722599,121181.202348581,120965.32961555143,120745.39156834276,120516.81597424966
5.61122244488978,121384.77235765262,121177.85171872102,120962.78702874141,120729.21907954437,120504.65551150523
5.811623246492986,121382.30906632118,121167.62270545163,120949.59545601168,120720.05321543876,120494.13500544458
6.012024048096192,121376.75098597693,121170.92843323578,120948.41251611049,120720.34370979166,120493.61477129982
6.212424849699399,121385.01289392856,121155.01905299528,120936.34645838813,120704.7850576812,120477.697399262
6.412825651302605,121371.67600085026,121158.5874366781,120941.67547433046,120709.23106903186,120477.93289105118
6.613226452905812,121362.4469162971,121148.45393703727,120937.90531837587,120700.86519348132,120471.06442494412
6.813627254509019,121367.84017947034,121146.8410198618,120927.24338632578,120693.2609998554,120466.82409562968
7.014028056112225,121353.61522062791,121145.92837612212,120932.51923241364,120681.6056429803,120468.30731823063
7.214428857715431,121356.75574082072,121136.98049830383,120913.5104502421,120686.13513480138,120449.45706981585
7.414829659318637,121341.90505619423,121134.95096977384,120907.30738411598,120674.89160602214,120437.93614379532
7.615230460921844,121341.05446053707,121137.49639390579,120910.74149756975,120665.6935019938,120433.33906230677
7.81563126252505,121344.67168092885,121125.17165287684,120909.84470994993,120651.16975105784,120417.60752628717
8.016032064128257,121343.37169161742,121127.8257551495,120908.01883685408,120659.38146355089,120415.96531210007
8.216432865731463,121336.52818409132,121113.58994268061,120892.29475704237,120662.3682720114,120410.37843750883
8.41683366733467,121331.08508524136,121117.47868020821,120894.97256248379,120655.8012860527,120402.79037965361
8.617234468937877,121326.14979214329,121117.62868478666,120884.37659592905,120639.19748464893,120399.15856794735
8.817635270541082,121316.25468463733,121093.65380154745,120878.69598173678,120632.45988158196,120387.27066586915
9.01803607214429,121316.04005751513,121097.61873013547,120878.96739788383,120631.80278911605,120389.97389081158
9.218436873747494,121313.32806867025,121100.07974941346,120872.80069254838,120618.45496659164,120377.35574474343
9.418837675350701,121316.90885762409,121091.77034421207,120856.64709733131,120618.94382923857,120370.29417975702
9.619238476953909,121309.33332190877,121090.23248287386,120866.90173982478,120615.25324708331,120361.68717972406
9.819639278557114,121294.79201365206,121080.94800993816,120861.4094748068,120611.5454877627,120357.08857866979
10.02004008016032,121301.21961824378,121079.99206717384,120846.37118448845,120598.8980272128,120353.42408851773
10.220440881763528,121293.66577096265,121074.37191442425,120846.4679956231,120592.36840479622,120337.94891805973
10.420841683366733,121288.19855633113,121076.58039327423,120841.94910884726,120582.98483656521,120331.97995863679
10.62124248496994,121290.63353174481,121067.60476954716,120835.77230670486,120577.22832368071,120326.73788288217
10.821643286573147,121288.72213188102,121063.61186100576,120826.70739206644,120574.2183069433,120314.51313035258
11.022044088176353,121284.21551883206,121055.45564522951,120821.0907809559,120571.17550488879,120310.13216761521
11.22244488977956,121271.35501458829,121050.6681813045,120819.31110740056,120567.89457643779,120304.83332448998
11.422845691382767,121269.99702429309,121046.53460385048,120820.29250281173,120553.29873450511,120304.57234670517
11.623246492985972,121269.1913872973,121046.2608378662,120812.13683844832,120558.76604805523,120294.4991793905
11.823647294589179,121268.40477974383,121037.77483711494,120802.55574597484,120543.93496315711,120287.14029424622
12.024048096192384,121257.12316688693,121036.91981616826,120803.25729114843,120539.1717206425,120283.41280644412
12.224448897795591,121254.58272716077,121041.43912824172,120780.14606445197,120529.53047467039,120271.45742963516
12.424849699398798,121245.97133114199,121031.00893013038,120795.12258601689,120515.13330771666,120267.08258477069
12.625250501002004,121241.51395685955,121020.61437131712,120775.67016858107,120525.66271195175,120257.60012370028
12.82565130260521,121247.54960305986,121023.84174095352,120777.54651272784,120518.91468040731,120252.42901615582
13.026052104208418,121246.26015805869,121011.38647684231,120768.75034792165,120507.81179908816,120241.17438306464
13.226452905811623,121235.11089127588,120998.82741339625,120762.8652699761,120503.54136641177,120224.88006250521
13.42685370741483,121236.48059034118,120999.56878688229,120770.13279125153,120499.77408486608,120229.38872442955
13.627254509018037,121229.26308994488,120990.84644119648,120756.98013126799,120483.36963544504,120230.15983286487
13.827655310621243,121220.22129501455,120994.03401574612,120756.04113664312,120482.52507729463,120220.66314113946
14.02805611222445,121221.24585578305,120991.474857427,120749.06399429998,120483.12964003137,120213.8450234951
14.228456913827655,121223.12104455578,120995.35613445716,120746.67378129042,120466.87484546933,120208.18466162506
14.428857715430862,121211.24371549583,120984.19976712935,120739.66266656954,120468.60205819791,120195.43326791473
14.629258517034069,121215.23804793839,120977.0608099812,120727.85357595321,120454.33933546586,120188.96253044084
14.829659318637274,121190.3080881068,120977.89452289589,120734.23985113131,120457.44237035305,120177.87366437053
15.030060120240481,121203.50831011706,120958.28300080966,120721.77971407818,120448.9199889813,120172.36753151145
15.230460921843688,121195.82601690432,120966.10793250999,120711.45556746061,120435.01051326517,120170.01272348432
15.430861723446894,121189.88772877873,120964.3753680536,120712.087881109,120442.89784506889,120165.9392618652
15.6312625250501,121187.83355338167,120948.71929322,120716.72223582692,120427.3891663645,120152.20858024484
15.831663326653308,121173.42888889392,120957.42217702966,120708.45952554424,120420.99883801534,120143.64083724287
16.032064128256515,121178.26035799568,120948.98707121583,120697.45513612154,120420.04092213845,120138.88039530531
16.23246492985972,121177.13626426036,120940.80933197359,120692.44208823191,120418.76923885135,120134.86976119956
16.432865731462925,121178.73215559444,120941.64086323834,120687.57018145734,120401.93491896123,120117.63042531813
16.633266533066134,121164.7433182473,120945.42160056156,120694.55207659115,120401.31040325726,120106.354766577
16.83366733466934,121159.28418529216,120930.56864991257,120681.06799389442,120397.13406246157,120108.06895903911
17.034068136272545,121156.80985205663,120926.49160393351,120676.29850482914,120392.44348394814,120097.70405310088
17.234468937875754,121159.887631831,120918.54487886903,120674.28969382326,120383.84813964012,120094.25288618612
17.43486973947896,121152.94636075872,120912.18364388414,120665.32220230816,120375.11876862022,120089.04065752415
17.635270541082164,121144.64578815953,120916.17572717891,120657.82302574384,120366.80393266429,120080.49928901701
17.835671342685373,121145.85291031186,120903.33481133138,120653.12646718744,120365.36057913468,120083.01384067837
18.03607214428858,121139.76394486097,120903.56424401174,120648.74019009572,120353.5571406114,120070.3711987729
18.236472945891784,121140.11376603483,120896.40930795655,120643.90206517016,120338.29905920578,120063.22581869183
18.43687374749499,121127.75225958071,120896.78367668384,120642.71630403081,120349.07658659593,120057.82045455789
18.637274549098198,121125.61619828505,120891.64827044628,120634.32786570158,120345.40143773248,120042.00122519265
18.837675350701403,121121.2859522203,120890.75884200586,120632.72131661854,120323.05507730125,120045.87692166255
19.03807615230461,121111.92090221324,120878.61224265503,120623.64451329185,120323.8090619073,120033.28851323666
19.238476953907817,121116.71106230716,120875.40413233756,120619.43125210388,120325.9414626878,120030.00570969943
19.438877755511022,121112.52772125068,120867.45087079985,120604.03705268956,120327.12114468322,120014.27999239191
19.639278557114228,121107.23999614092,120865.7144054431,120613.59967444565,120310.92561182495,120004.85645667092
19.839679358717436,121102.03347715877,120865.41355657343,120605.74045841156,120301.16960453233,120009.70067073501
20.04008016032064,121092.12154308333,120862.90317955618,120603.98804654129,120297.88311298485,120000.47924201925
20.240480961923847,121093.0871541477,120850.09859221679,120579.50669906095,120299.65995323804,119987.07290856088
20.440881763527056,121089.46879214683,120854.64863080293,120599.41982943572,120283.54372619856,119980.22082287018
20.64128256513026,121083.1629623513,120852.66997286116,120583.26998773096,120276.76556301284,119983.18228414252
20.841683366733466,121082.35990410701,120843.55014044799,120584.49882991535,120272.33578138708,119964.5940227
21.042084168336675,121081.17857091734,120846.4581273594,120568.74836615595,120263.9708319086,119971.7404188745
21.24248496993988,121084.58123010726,120828.79638466581,120572.00174527682,120263.33880248178,119952.00992237887
21.442885771543086,121072.0151736333,120822.03323950949,120558.66077789555,120264.83681914605,119952.69095762403
21.643286573146295,121068.42202049069,120814.95409414626,120555.79899086786,120252.3167991712,119940.84187756114
21.8436873747495,121062.75402292618,120826.91909931296,120563.4779724006,120243.42761124688,119938.48687903919
22.044088176352705,121049.52438039645,120818.30188840201,120547.94438358737,120237.21829836484,119925.73634381709
22.244488977955914,121054.97765106363,120810.3433191304,120544.97493991701,120224.84937661784,119920.62892124118
22.44488977955912,121051.40335545852,120807.6122679813,120543.22809416447,120231.06885549896,119914.63345359241
22.645290581162325,121059.41039893917,120796.17616197794,120536.3461449108,120220.25209658006,119902.40389238042
22.845691382765533,121042.12436752078,120809.62354947726,120529.60980995657,120213.72685894907,119904.1049233303
23.04609218436874,121040.58589302428,120793.63207785376,120525.67250040312,120224.58277230816,119890.82070571474
23.246492985971944,121034.89658143203,120789.12412828163,120530.8547532769,120204.09897496266,119885.22974591429
23.44689378757515,121025.2187340604,120787.79716979284,120513.53956132545,120192.83423112227,119874.38697056183
23.647294589178358,121032.768222289,120782.16456519677,120509.82313050411,120188.44937434363,119859.53302108479
23.847695390781563,121026.8057573478,120776.4701215242,120509.0608872105,120190.31136682254,119864.37552250964
24.04809619238477,121022.99323588751,120766.9895114903,120504.32522485517,120179.12346628115,119870.37971037459
24.248496993987978,121010.48312284627,120768.89040791795,120499.7227266781,120165.35370028878,119855.22562664992
24.448897795591183,121018.03601564287,120771.53437097937,120491.97120622038,120171.12921080514,119844.19227525564
24.649298597194388,121000.00477274216,120764.44253109249,120478.05251050649,120157.18032165647,119835.96009495216
24.849699398797597,121005.94029749306,120761.27254635964,120486.92467269156,120163.87550691716,119830.37285050614
25.050100200400802,121009.95027412103,120746.34171720903,120468.01576802488,120153.89723431655,119825.98208856185
25.250501002004007,120990.03729833427,120739.54095385462,120470.2506522761,120140.24836046158,119810.32840085331
25.450901803607216,120988.15047527985,120739.45122572014,120459.95607565972,120142.87802770046,119814.7900453471
25.65130260521042,120987.47220472123,120735.94996724681,120458.39674313678,120130.80019939631,119805.78131539484
25.851703406813627,120980.44855359315,120736.73348264245,120455.35122688118,120128.7127661712,119798.78130939006
26.052104208416836,120971.20459867633,120718.39138426626,120450.30418086682,120120.86053783397,119790.36873139946
26.25250501002004,120975.29271467363,120730.09264137686,120445.79697852068,120108.19306642444,119781.26040793776
26.452905811623246,120965.6303651989,120717.24603265138,120446.7459110547,120103.19507648972,119777.51260277303
26.653306613226455,120969.30182988865,120711.49284915929,120435.93500617691,120105.55060569111,119770.09333920578
26.85370741482966,120958.32873053223,120704.15791499746,120427.43653145281,120092.71490089459,119758.35003692625
27.054108216432866,120966.66750769643,120696.53533587916,120428.46773043061,120086.3585111908,119750.23820356037
27.254509018036075,120950.9935531776,120704.51665452302,120424.58462699372,120077.58911656217,119746.60146584504
27.45490981963928,120949.29149602618,120696.35857380388,120407.48921543334,120078.47070073879,119746.8232570701
27.655310621242485,120950.961373662,120685.13336183396,120411.6042348182,120080.65330595894,119725.86859287825
27.855711422845694,120936.73144996092,120680.69895483708,120407.11307814042,120058.99099274336,119717.71247387164
28.0561122244489,120940.01505518405,120681.08660756567,120397.10937687197,120058.4377305499,119718.85987635047
28.256513026052104,120941.40545325038,120686.7018210533,120400.46570841526,120059.36571199552,119711.27648259746
28.45691382765531,120922.82430727409,120672.64993903477,120387.82687637345,120045.89437821411,119704.87472435391
28.65731462925852,120927.77687670749,120662.02336339073,120384.1950165359,120042.54242010349,119698.2137539655
28.857715430861724,120924.14510535401,120663.90154520061,120377.69175510704,120028.95656943342,119688.86394864667
29.05811623246493,120922.74678970959,120659.35782503703,120373.62498942629,120030.39804851208,119690.41524905674
29.258517034068138,120908.64490576425,120642.8281920358,120363.05569871381,120021.30876765294,119667.94738391523
29.458917835671343,120904.21936022115,120651.63233328264,120356.32679969525,120021.16111490825,119664.79539062761
29.65931863727455,120909.4233350826,120646.34031732891,120366.48955938427,120016.15737113959,119661.40757389464
29.859719438877757,120904.29053458861,120646.56720416875,120349.27220728647,120017.15623504376,119646.6938755835
30.060120240480963,120900.0500594421,120647.92213518414,120343.5400322407,120001.09455865163,119647.01651956102
30.260521042084168,120896.5218202058,120639.90136222189,120332.72002337986,119993.81335032039,119649.1891143557
30.460921843687377,120887.38143951836,120628.5152759861,120335.28214516936,119987.14426619725,119633.97216791242
30.661322645290582,120887.93481558,120619.91827225989,120326.85148490069,119978.39448917723,119628.00721194343
30.861723446893787,120884.23089342861,120633.90888318459,120336.66698962834,119975.8407158105,119613.53885553285
31.062124248496996,120875.18575793992,120616.92935870314,120328.49597923429,119966.6592654944,119609.7438442624
31.2625250501002,120884.07837155371,120612.29409535736,120314.9961220216,119962.96655337834,119603.93564134487
31.462925851703407,120873.11064757049,120607.69500582697,120324.68903273412,119962.70021212693,119597.2090197066
31.663326653306616,120860.77694944786,120604.3972374311,120313.3256611023,119945.0674875744,119598.19178610928
31.86372745490982,120866.00821894497,120598.27619393237,120301.7826567097,119949.78756915835,119587.55799438179
32.06412825651303,120853.84402651861,120591.72086832231,120285.89976501281,119944.6617276413,119572.19822123736
32.26452905811623,120858.6448418564,120587.44606601524,120304.84148641005,119931.47378562157,119571.9740068581
32.46492985971944,120856.49438070065,120585.6077767351,120281.42889117319,119915.44282971337,119566.2185636523
32.66533066132265,120842.58997518179,120578.64560159524,120275.13973973214,119917.00097022485,119562.41417204631
32.86573146292585,120847.5022513877,120573.38967890225,120283.4695655869,119920.51302884503,119557.60210223045
33.06613226452906,120840.7412593441,120573.07724131881,120285.54545541847,119907.90169175263,119537.60989978234
33.26653306613227,120838.77963947733,120566.86138645798,120275.25803743926,119897.00749685455,119531.61705512932
33.46693386773547,120840.14528755855,120571.24741985273,120266.14619890688,119893.4681093618,119522.36942533469
33.66733466933868,120825.4263660332,120546.06378823258,120261.29040497486,119894.18306005237,119520.47318727762
33.86773547094189,120818.87660975938,120560.36735389888,120257.57369102036,119886.70160371275,119516.96105038926
34.06813627254509,120814.18970240097,120556.7314279665,120252.09123613531,119876.7612513278,119512.55190304387
34.2685370741483,120810.55020709221,120535.7252332067,120244.69253026614,119870.10976571648,119500.2214472866
34.46893787575151,120810.2357339379,120539.96992876306,120238.79755862597,119863.97307298223,119491.98793673242
34.66933867735471,120808.31898632698,120535.41734476821,120232.95356742662,119855.30778875688,119487.33193625383
34.86973947895792,120803.98866441748,120525.82817298934,120224.48669008171,119861.98469407861,119475.38340372832
35.07014028056113,120802.73311063396,120524.5678303897,120221.84311760163,119846.2841892371,119482.99278378882
35.27054108216433,120794.65418781611,120518.49521696506,120209.77168887491,119847.96956013919,119457.49275698866
35.47094188376754,120797.84883271044,120528.40063077422,120212.73475477184,119843.47832374659,119459.44073696261
35.671342685370746,120785.2498621264,120519.90885288757,120203.27347732999,119834.85127392961,119461.62103710817
35.87174348697395,120796.16597609347,120517.17941876155,120197.68846623956,119821.68959382719,119444.52297717871
36.07214428857716,120781.68545096728,120510.02118597152,120199.09586354134,119819.85432179438,119436.52475472479
36.27254509018036,120770.26331041432,120496.35874915993,120200.14638417722,119811.70266926264,119428.67369472963
36.47294589178357,120765.18661967403,120494.97258904936,120192.76793573542,119801.29311394284,119422.54493537877
36.673346693386776,120768.94542820848,120495.63324555162,120175.31382964722,119801.421395607,119423.29710810485
36.87374749498998,120761.40773617357,120482.66691606576,120173.20817194239,119787.8923761945,119398.3595281187
37.07414829659319,120762.08703653859,120487.93372962582,120177.8501485251,119793.71394804452,119410.07197812572
37.274549098196395,120756.87520615893,120478.75829284888,120163.2238355774,119779.44044056762,119388.27099580088
37.4749498997996,120750.13685744072,120473.67699816666,120162.00308675502,119776.75730128538,119387.04349186084
37.675350701402806,120742.2590173816,120474.69708441016,120160.86649296006,119771.15591831565,119379.21650334941
37.875751503006015,120734.91073381645,120468.95478349131,120148.26449015054,119762.43293004131,119377.29146374365
38.07615230460922,120736.24437914748,120460.5198184695,120148.6230699155,119760.64889986909,119359.34404757926
38.276553106212425,120738.75093184736,120463.71248068014,120136.4160448701,119749.32888853051,119362.63150461297
38.476953907815634,120731.53139056433,120448.10169739006,120135.06931408486,119750.04786925283,119363.42816134289
38.677354709418836,120720.22421191806,120452.1778744275,120134.66504193525,119732.9494603162,119339.47671514738
38.877755511022045,120723.31079440881,120447.65488504735,120120.0911435568,119734.29923256708,119340.22708795228
39.078156312625254,120720.36346064614,120438.73282892567,120125.24846587416,119737.34995561653,119328.95461816913
39.278557114228455,120710.00957053443,120437.50240859819,120117.93788314966,119716.64162995011,119327.37993703298
39.478957915831664,120711.1894672131,120425.20735796978,120115.78850187629,119712.24253767241,119318.33221183297
39.67935871743487,120706.70386924353,120431.67424331246,120109.13560273446,119712.18877772524,119308.01501034455
39.879759519038075,120696.68995813008,120421.72077989894,120109.82671417392,119704.50512333856,119306.64777825803
40.08016032064128,120700.18573038891,120415.6228578433,120098.62211449721,119699.34834087713,119306.2161293265
40.28056112224449,120697.19270018695,120419.07270143981,120090.83894423826,119694.02910198341,119289.2258417628
40.480961923847694,120695.79601773892,120405.89711922263,120088.58743941896,119688.74474962737,119286.76512237608
40.6813627254509,120691.64175575116,120397.96771355826,120085.6824220089,119685.10761744625,119269.68593981986
40.88176352705411,120675.47638261913,120392.81805653719,120078.20021217527,119675.59618747303,119264.35609466901
41.08216432865731,120673.66758822728,120399.22243452627,120073.1488502396,119666.32878186718,119264.4862798864
41.28256513026052,120676.92387373083,120385.38142037178,120064.42591330444,119664.8859145982,119262.53080058357
41.48296593186373,120672.90961111728,120396.14872040892,120059.61134711564,119665.01043171856,119249.87425912869
41.68336673346693,120668.90790376219,120372.55628482431,120050.90280530433,119648.83582926408,119239.51687417604
41.88376753507014,120681.58830675187,120387.03939606991,120061.65369533918,119638.61432742454,119234.06459329966
42.08416833667335,120661.17108582,120375.2033839292,120041.67647540622,119643.01035324624,119220.80206954658
42.28456913827655,120659.98644543537,120369.25591339856,120039.42124555411,119630.86102003194,119223.0626567921
42.48496993987976,120655.07061001986,120362.6060658886,120034.28371517516,119614.58755407353,119217.43771741583
42.68537074148297,120649.54954142688,120362.91752425914,120037.34035334765,119623.67598614127,119203.75157238393
42.88577154308617,120640.70822291508,120356.32485253998,120026.38096303139,119610.75021277764,119196.6477852532
43.08617234468938,120642.07139920868,120357.62071782691,120029.08440174613,119606.9621632478,119193.31335908413
43.28657314629259,120630.40441100147,120348.26652902487,120014.46821822147,119603.06270726408,119182.78634119955
43.48697394789579,120629.07642800838,120344.03808195361,120014.22062211372,119596.34327996202,119177.62524875053
43.687374749499,120623.82568727087,120337.05969444996,120003.63889599622,119592.92601660073,119181.44049271337
43.88777555110221,120622.65385967489,120334.18420975714,120013.5313568613,119581.18930161408,119162.69272720769
44.08817635270541,120629.80976577927,120331.59912908493,119991.85759908722,119579.92023840972,119155.1221268952
44.28857715430862,120604.89213095087,120317.10046064193,119994.33467469343,119570.04495198281,119146.66209057102
44.48897795591183,120613.65174183363,120314.50155785942,119990.94443550687,119569.02471372708,119146.60673140059
44.68937875751503,120598.14884549375,120320.54998780477,119984.83452654937,119562.39547469463,119134.96562262089
44.88977955911824,120599.8447494887,120313.27917689004,119976.82907272765,119548.62941971622,119125.61085023925
45.09018036072145,120603.64114577041,120307.09611538237,119972.0963874833,119552.72449975924,119128.45020753612
45.29058116232465,120594.50977684898,120303.69938409419,119967.95452830178,119538.60274790469,119121.9276743412
45.49098196392786,120584.7916368318,120300.93630532039,119961.99044089367,119539.31083007358,119104.81351343382
45.69138276553107,120582.59582614308,120292.09078075677,119962.5348264457,119531.09495360107,119091.46890344961
45.89178356713427,120585.56231740199,120286.48923789604,119963.7580258296,119532.43741136995,119098.82514359949
46.09218436873748,120574.50447946666,120286.95117016327,119944.90793185652,119516.11713902603,119083.35039796539
46.29258517034068,120575.2305895411,120276.67126236443,119935.8363558436,119509.47586090918,119083.7126470339
46.49298597194389,120570.36813976064,120279.19557239581,119937.23394045966,119505.11332281225,119062.8949718934
46.6933867735471,120562.87426279104,120264.23257296077,119945.56387734959,119497.6824978794,119070.19444961734
46.8937875751503,120572.84396894362,120273.48245153333,119923.63693778138,119497.1860822552,119052.66157522333
47.09418837675351,120561.28582757652,120266.29084312348,119930.84087460839,119479.09279565522,119055.35722740895
47.294589178356716,120543.98250349957,120260.79918674772,119926.02377461146,119475.89391255357,119044.7607440967
47.49498997995992,120551.03247197466,120260.02367536062,119909.85730929246,119469.81128599332,119032.90565360442
47.69539078156313,120542.7832520449,120259.02877502792,119910.46014585685,119473.88981451296,119028.62614108066
47.895791583166336,120546.34633501066,120251.36443549544,119910.74719353647,119471.67931936792,119027.07888687396
48.09619238476954,120534.11354861244,120232.67939637841,119895.69955167582,119456.59198236422,119017.16273879865
48.296593186372746,120533.4944540652,120231.07706506611,119891.56726854017,119450.25809579287,119012.54130337932
48.496993987975955,120532.58505663538,120229.94203937605,119884.66674573086,119445.4404411763,119012.4874133434
48.69739478957916,120530.38088017926,120228.78776988032,119877.49134660706,119444.88754782567,118987.76997430618
48.897795591182366,120516.04260614107,120226.83679209634,119874.30872249512,119428.42936659358,118996.66321718346
49.098196392785574,120516.36356596508,120216.21096029296,119866.42538884655,119428.2459531301,118982.08490594011
49.298597194388776,120511.65332955641,120216.36469554584,119867.70548748158,119425.91807231725,118970.05517795478
49.498997995991985,120506.75339391729,120207.24512942642,119858.67518394491,119417.53553096995,118960.88350201158
49.699398797595194,120514.83929524949,120203.55563743794,119858.68395961908,119409.96594415513,118959.57544013027
49.899799599198396,120504.02891657082,120195.1711033334,119844.72553178902,119408.01124248689,118958.11526458769
50.100200400801604,120491.6915722123,120193.17942495181,119849.14939114102,119383.47782651095,118945.85524037006
50.30060120240481,120498.57728568718,120186.62835051902,119846.65261474792,119394.37134052551,118947.03473256707
50.501002004008015,120500.59074090491,120184.09858964694,119827.50627168694,119381.69956146412,118925.20905140946
50.701402805611224,120491.13427019054,120189.83734725958,119834.33521270896,119369.80475134739,118925.39045706438
50.90180360721443,120474.36707802594,120175.41332619713,119833.59325478201,119375.5019047812,118912.17490652544
51.102204408817634,120475.53474145931,120188.9134133302,119816.3966846861,119373.80216046129,118913.24100510452
51.30260521042084,120480.28245153753,120173.80927487514,119825.79773167367,119360.23460111424,118908.84325458575
51.50300601202405,120466.40153243142,120167.85804835394,119814.51994474622,119359.67419237529,118895.29098061076
51.703406813627254,120468.15096086818,120158.23326119929,119803.88977038053,119356.95918688113,118877.35969223992
51.90380761523046,120465.79701796254,120161.61778186198,119802.12596423096,119349.460343811,118884.36147420091
52.10420841683367,120453.28117930544,120150.82922569846,119800.18642414178,119345.07357014185,118878.5363981695
52.30460921843687,120453.61018885096,120149.9086462676,119792.76479649614,119334.57236090225,118871.36015112951
52.50501002004008,120433.69346289885,120157.69020225047,119790.06852946122,119325.2268675933,118868.5035602577
52.70541082164329,120440.76984536045,120140.00066242523,119777.76136149353,119310.82784629121,118849.95535284425
52.90581162324649,120440.6209267781,120141.81851092001,119778.20151353902,119311.59533886195,118851.69767371363
53.1062124248497,120431.63683559318,120128.14744452767,119765.27611689424,119302.59739427792,118847.24510269264
53.30661322645291,120442.0297919906,120127.07956656555,119766.77853903193,119311.6563167939,118825.37559915413
53.50701402805611,120422.70901254906,120131.69969456094,119757.80511109126,119293.91015009616,118828.85276814763
53.70741482965932,120423.65148097332,120115.30203845857,119753.63697954557,119289.39357914415,118817.71958180689
53.90781563126253,120422.49739026118,120123.0902989022,119758.48507509449,119285.52295794232,118812.81883954031
54.10821643286573,120425.04203778802,120113.15799815423,119752.75113978134,119276.9715192459,118807.95080726739
54.30861723446894,120406.64834455473,120102.39808696222,119745.33025974281,119279.21673816808,118796.76225397301
54.50901803607215,120415.63545803934,120103.96364190169,119731.81298527482,119261.61621210916,118788.80582834168
54.70941883767535,120405.86278855159,120101.25555781927,119730.68248680964,119259.69047214593,118785.3411027688
54.90981963927856,120396.8960639592,120095.09301774696,119733.31999751793,119248.99305789315,118772.72008293093
55.11022044088177,120400.10610855368,120079.72402670115,119722.95307354616,119240.09327421745,118765.71315892471
55.31062124248497,120394.78287362817,120079.53064678621,119728.83111663778,119237.62251727092,118767.52512292781
55.51102204408818,120386.77847473245,120077.51992185229,119714.19103809477,119234.48415469211,118751.37025828111
55.71142284569139,120386.12055351112,120073.97653024929,119708.17467444016,119226.51080350668,118753.43176290535
55.91182364729459,120379.8369590698,120073.04324024728,119700.65882649663,119219.18318568179,118745.39912880896
56.1122244488978,120378.3230977483,120066.41956712892,119697.86209330146,119209.60167921471,118727.44311064461
56.31262525050101,120377.05814836259,120054.44552269542,119691.42201955558,119210.20571462183,118725.67029297078
56.51302605210421,120377.66956303864,120058.61441610873,119690.71489208084,119197.08561656672,118728.01463519159
56.71342685370742,120359.54238543172,120055.35753794486,119686.94784024128,119202.39747420722,118710.12423246454
56.91382765531062,120372.38861376706,120050.69474382282,119673.22436131469,119192.99736910536,118705.69401075259
57.11422845691383,120347.9549918641,120048.89087757566,119665.48812380937,119179.28538879527,118703.31230847427
57.31462925851704,120352.94848935447,120043.24776708537,119657.95324167157,119179.01507685924,118697.90492849832
57.51503006012024,120352.64098483002,120036.9652390735,119664.66420513156,119170.78831616844,118685.71625346557
57.71543086172345,120347.09634210421,120029.9096924848,119651.59739542604,119170.13294670038,118676.97236886622
57.91583166332666,120338.56986913437,120017.54689873922,119641.33975545206,119169.22730233031,118680.05774109207
58.11623246492986,120336.63473944963,120023.5909768672,119649.03708139941,119147.13716370388,118674.62636204645
58.31663326653307,120331.20232999604,120018.07250657209,119654.54916592383,119151.07613239974,118663.81212592525
58.517034068136276,120326.71249485256,120013.98314468698,119637.04379373889,119143.68831397808,118652.33039832806
58.71743486973948,120329.89931309031,120001.83268998664,119636.25658212877,119141.83365429007,118640.84845095091
58.91783567134269,120323.42836400298,119998.40233252842,119627.46325500916,119133.53091300091,118633.72352947021
59.118236472945895,120314.17072256478,120004.66456186185,119621.5496399104,119122.69305915292,118633.47429397322
59.3186372745491,120318.12525388619,119994.79220419064,119621.6294505512,119118.84561208519,118625.93968649523
59.519038076152306,120311.15573608133,119993.98866581151,119610.57267537525,119110.44872843142,118623.8416602994
59.719438877755515,120309.67553303909,119986.31393657002,119608.35098962647,119113.79686936032,118613.07188974124
59.91983967935872,120304.75135062243,119981.91230775158,119603.61249704701,119102.51136786261,118595.29020971364
60.120240480961925,120293.45021532614,119982.04612844872,119593.65353570774,119105.89873899991,118601.05132125494
60.320641282565134,120290.7862691477,119970.36566814249,119596.94417968356,119090.07745745397,118583.78725197366
60.521042084168336,120293.31562634224,119969.017678033,119586.09914911231,119080.8267036404,118579.84367069435
60.721442885771545,120288.62299361173,119961.8168800695,119578.18520205824,119070.78814146378,118576.00050002924
60.92184368737475,120281.45861828268,119957.54695774059,119579.63645703348,119063.32899099748,118577.7138083908
61.122244488977955,120278.141747137,119953.76476062514,119567.45154786659,119058.41198561563,118576.27103566579
61.322645290581164,120279.93541866733,119952.01247246537,119567.07477352231,119061.65627453763,118556.74103012534
61.52304609218437,120266.58122121214,119944.09924286362,119561.87825271217,119056.85224235061,118545.77740367995
61.723446893787575,120268.2665490301,119948.36294896454,119562.34330548446,119040.39063967622,118542.35188695983
61.92384769539078,120260.51208283001,119933.2023141903,119554.27729877963,119046.75976070866,118537.10360779069
62.12424849699399,120256.42662404399,119932.33217484532,119546.76865278142,119033.85723983176,118524.04796447743
62.324649298597194,120259.000898288,119926.65906013949,119545.97259903107,119030.99448610202,118527.61333132866
62.5250501002004,120253.62607974093,119931.68378721736,119543.82478524008,119032.30960013525,118512.77360028894
62.72545090180361,120249.55853014393,119921.02285404288,119534.65277898667,119022.72066952522,118507.09793388234
62.92585170340681,120248.01035996764,119920.79048522239,119526.90547051404,119010.88179565826,118500.92481164103
63.12625250501002,120237.57996910796,119903.7946430246,119515.284506213,119001.75646372262,118492.68909537773
63.32665330661323,120236.87669872421,119908.14887858386,119511.50809901928,118989.44132379496,118487.7618367709
63.52705410821643,120227.90758405271,119906.85296359735,119510.29752377281,118990.5926101573,118473.46684027968
63.72745490981964,120227.07173356604,119898.40741193036,119503.76606624371,118987.12070151127,118466.74756938659
63.92785571142285,120220.7921704997,119898.91457622402,119500.8687506995,118977.22843102155,118457.02427893534
64.12825651302606,120217.91984956444,119886.59191446293,119497.07683679883,118975.49601977375,118457.70852819718
64.32865731462925,120216.4026388346,119891.81627627909,119494.43203090604,118970.52453997593,118452.39167650555
64.52905811623246,120205.32773425918,119891.85521206098,119486.42105320389,118963.00397660398,118443.77183026262
64.72945891783567,120215.87275802171,119874.13771100542,119484.19603527324,118954.86621956082,118442.84140004248
64.92985971943888,120196.37271870373,119869.31557356534,119477.07587908808,118952.94748177666,118427.4269297255
65.13026052104209,120191.32384651522,119874.40119092267,119461.86615414218,118948.30188761659,118423.78459004148
65.3306613226453,120199.1773279146,119870.62331163046,119462.03678996478,118934.62816493343,118407.96834932671
65.53106212424849,120193.33707098485,119855.70233313076,119461.00300911517,118941.12279817127,118404.47732713893
65.7314629258517,120188.49134056823,119851.80688154578,119450.6649531395,118927.56317156303,118402.87648638301
65.93186372745491,120184.50445299722,119848.09007495169,119454.7030504636,118922.13833629107,118396.6302800928
66.13226452905812,120177.2934755546,119838.36792780555,119454.34714093526,118919.57313624454,118383.90090674465
66.33266533066133,120168.86042152935,119836.08810299302,119447.77717599196,118911.18612073647,118377.99871716756
66.53306613226454,120169.71770014567,119831.25184125642,119435.60613233873,118908.77369920163,118363.75331663733
66.73346693386773,120161.94485276508,119828.02473962939,119439.11695733755,118899.43161280999,118362.54351131059
66.93386773547094,120166.19824395767,119827.28148538271,119427.39664389924,118888.92178106267,118361.76654507611
67.13426853707415,120156.579342351,119824.21716584705,119419.95785671756,118887.77946151381,118353.17662628293
67.33466933867736,120149.17912724249,119826.38977701316,119413.56625321537,118874.24128880307,118345.7899017532
67.53507014028057,120147.69166798612,119809.23668671014,119410.11089806055,118874.49069432047,118336.52141352608
67.73547094188378,120147.3552384337,119814.74125127094,119404.6723423602,118867.76972179026,118329.2938328272
67.93587174348697,120138.46394236623,119804.34087742215,119402.4552875247,118860.88326340902,118318.94288328059
68.13627254509018,120133.16344712036,119800.75468545975,119397.396056278,118855.26913609011,118318.72460302286
68.33667334669339,120134.48496912359,119799.96728383358,119391.59839643343,118840.4905543717,118310.32129758768
68.5370741482966,120130.4833498896,119786.57075862966,119388.75783714133,118841.1441510124,118303.66249904959
68.7374749498998,120122.71578512515,119789.68759983314,119387.51635762643,118838.3399760087,118291.55820254017
68.93787575150301,120118.88729344185,119784.198994508,119381.30087688963,118832.6630094149,118276.40763409804
69.13827655310621,120118.39471862467,119781.4201721517,119364.1185963301,118820.71332770218,118285.64608420005
69.33867735470942,120105.98603119834,119775.99494141593,119353.76346045776,118826.16821856303,118270.75210530513
69.53907815631263,120102.18111800187,119782.41678126069,119366.19464564839,118809.49678106955,118261.81838570884
69.73947895791584,120101.61819973543,119762.54276300459,119349.67863256004,118812.66291726516,118262.58563103252
69.93987975951904,120100.13516905106,119758.66766051557,119350.37917900256,118803.93957902379,118250.14414521723
70.14028056112225,120098.74892660555,119753.79812502318,119340.64242084164,118792.5604466171,118250.38986228096
70.34068136272545,120100.56315383024,119749.72762442424,119332.47306374396,118798.65611358128,118241.1611820525
70.54108216432866,120093.46665482943,119744.90925674823,119339.1802595328,118777.79935091136,118234.4799708645
70.74148296593187,120084.37064803154,119749.63245740504,119335.25870165322,118782.35128189009,118217.21831763639
70.94188376753507,120081.06724360978,119746.38107835418,119323.57035380798,118776.74639856417,118223.0937880632
71.14228456913828,120072.14166179404,119732.01600801022,119308.48767431082,118762.37836188046,118211.32629273632
71.34268537074149,120073.0537269052,119726.29914397816,119313.7016434902,118766.68176537807,118201.15962632782
71.54308617234469,120067.6949833585,119728.40918199034,119313.3818657184,118752.45718225665,118196.70892630465
71.7434869739479,120066.74385332273,119718.88217135174,119299.01826780743,118749.13885892797,118180.09677974733
71.9438877755511,120056.9860897712,119720.39912802666,119302.31960521013,118742.98497592733,118184.00719191312
72.14428857715431,120059.71096102812,119713.84026640686,119296.31623632528,118734.99979897801,118169.80304225869
72.34468937875752,120060.76990698987,119700.83811309235,119294.27922302907,118733.71336000308,118161.17252031426
72.54509018036072,120048.55439565051,119711.74554203871,119286.97064733306,118727.61473819193,118153.31004775628
72.74549098196393,120047.09873897122,119708.57858676228,119276.4973807465,118708.8926106749,118159.47125750621
72.94589178356713,120044.53288428721,119692.1264373091,119282.33556291915,118718.14494770738,118143.74747060669
73.14629258517034,120035.06804593717,119688.84305532656,119270.5500375056,118697.29876250471,118147.54839806863
73.34669338677355,120034.18659467358,119687.80207244461,119266.19614263311,118704.76192941851,118130.18672414766
73.54709418837676,120029.12107823638,119683.63621180566,119256.65630549521,118699.22070003283,118117.31491361884
73.74749498997996,120025.53848069314,119680.84783158381,119254.09621399455,118682.12031814952,118113.25505315096
73.94789579158316,120017.17703524906,119683.197315279,119246.87859164028,118679.50905481272,118118.00270539463
74.14829659318637,120017.15661900757,119667.85273881243,119245.42785487074,118670.02257886197,118104.0301283488
74.34869739478958,120015.51604356043,119660.33717109195,119249.84110753097,118668.46447300487,118095.05415469992
74.54909819639279,120016.27375411111,119653.0232435393,119229.41303937552,118661.98688268728,118091.58165425551
74.749498997996,120009.8063741705,119651.85637184438,119223.19471806072,118661.41333272147,118086.27644875098
74.9498997995992,120011.76791629558,119650.93656954444,119233.60835664748,118658.05454974262,118082.34050109354
75.1503006012024,119993.1572501615,119655.66617609114,119220.19586658418,118652.46940101788,118076.98197510738
75.35070140280561,119997.34757512748,119639.6965126431,119212.88710123656,118636.66811778293,118060.92660767287
75.55110220440882,119989.8946659405,119638.99469126119,119216.42196832676,118632.42082449901,118049.08118441528
75.75150300601203,119995.91895454584,119633.38481938737,119203.18434715101,118619.03771885854,118046.63006898396
75.95190380761524,119976.92043242093,119635.00008259971,119210.33245337736,118617.41353543906,118042.98476926639
76.15230460921843,119972.75529860474,119637.28396072656,119199.58201412624,118620.25511988894,118029.8505440463
76.35270541082164,119969.94892855635,119617.58613709731,119188.74280768874,118617.49675179309,118022.86955604676
76.55310621242485,119958.31839712996,119613.38446611406,119196.9588857557,118597.23506926786,118022.36022197288
76.75350701402806,119962.30108461104,119616.64365007673,119178.13375003428,118594.4324682834,118013.38399275117
76.95390781563127,119957.12618037961,119610.42348550425,119179.86278146926,118591.25073674627,118006.77721142996
77.15430861723448,119957.6657965877,119611.83874704952,119172.63874747118,118586.77154727707,117995.8067217233
77.35470941883767,119954.61459150213,119601.1160337122,119172.64097097606,118575.31069983526,117991.43316676965
77.55511022044088,119958.27864978726,119591.99111469637,119168.9298004726,118575.46699860909,117980.94997656322
77.75551102204409,119949.64189875005,119592.3320316685,119156.27224519422,118564.96547260333,117983.00810628409
77.9559118236473,119937.99724524874,119590.51345778267,119147.33511505708,118561.25038393619,117976.71933284597
78.15631262525051,119932.38167413825,119584.66353315047,119148.39204508344,118558.04204248251,117955.29811880503
78.35671342685372,119935.32532732046,119578.68867476475,119137.6935874799,118549.33070854344,117952.86747575917
78.55711422845691,119922.25654939575,119577.0768604219,119146.13908052622,118541.10464369366,117943.01835572855
78.75751503006012,119934.00699322806,119573.18114729092,119131.7448009039,118536.72650007856,117940.23685427585
78.95791583166333,119926.73888397033,119569.83664665859,119124.22549645185,118530.82071025408,117936.05575604283
79.15831663326654,119914.48778907413,119561.76058350608,119121.96548569766,118523.4004458526,117922.21069173717
79.35871743486975,119904.25997865715,119553.27262603129,119109.29643268061,118517.94449664057,117917.83559071392
79.55911823647295,119915.58699714136,119550.43296722978,119106.16397389563,118521.21968875834,117910.41107486305
79.75951903807615,119904.23692001222,119551.32312599487,119112.01409358782,118510.01902609742,117909.45317031433
79.95991983967936,119906.9906847663,119536.79708517212,119097.71753261315,118499.72500321947,117901.74952729642
80.16032064128257,119888.82144888038,119538.31631243615,119090.75742905453,118498.67515278407,117890.78008978843
80.36072144288578,119889.78869602752,119530.09743419489,119093.6652276905,118487.50925926464,117888.25885385969
80.56112224448898,119888.80377360882,119527.79903473592,119091.9004646611,118489.03195585326,117877.62732101996
80.7615230460922,119885.00444204698,119529.63875229901,119084.55669040102,118479.00251957822,117871.98841783515
80.96192384769539,119878.5111956887,119519.7931706908,119080.93214223663,118470.60577384912,117874.69992578214
81.1623246492986,119879.86775667577,119514.66104045622,119067.15790832469,118467.3688451501,117866.0209425335
81.3627254509018,119867.40738883505,119503.22075937525,119058.82281039374,118451.2638557126,117845.8067030338
81.56312625250501,119868.0255775248,119509.34249027503,119068.42851194716,118447.47237508031,117849.43924325172
81.76352705410822,119865.33093707639,119504.42982571533,119054.2984244531,118441.12456334475,117842.33353587867
81.96392785571143,119863.29363705606,119507.60986079088,119049.64763852493,118441.79687980248,117825.52120860634
82.16432865731463,119860.27150124415,119490.84587836431,119052.53275427637,118443.73271527798,117828.34238521276
82.36472945891784,119847.08220036245,119489.07170354213,119043.66291357405,118440.21461696344,117824.92412852995
82.56513026052104,119841.0268239359,119484.81405268708,119038.15118234738,118426.23634769156,117804.60771685054
82.76553106212425,119851.077762867,119487.04558303209,119041.6867351714,118419.53829051099,117798.61889872057
82.96593186372746,119842.34293278534,119474.27302133605,119022.6341122549,118402.01675541741,117801.28069210376
83.16633266533066,119832.93091401059,119471.73578899157,119025.48088400713,118402.29665104141,117790.53583326755
83.36673346693387,119840.42109053895,119468.97134627604,119016.11672895114,118395.05907723245,117784.92171003351
83.56713426853707,119829.23568780073,119462.45609170797,119012.16460468089,118389.88173395263,117776.85324668321
83.76753507014028,119830.54578451753,119454.88206038416,119013.45396537856,118386.13322880286,117770.08975214972
83.96793587174349,119820.97887497219,119453.67586078613,119003.34078198786,118378.60147095921,117754.48988384742
84.1683366733467,119826.93700615747,119453.66475193568,118998.48306356158,118365.05340074773,117759.34480496598
84.3687374749499,119821.40195471322,119438.75519905405,118996.1440998128,118372.67742703209,117752.94213833888
84.5691382765531,119807.37241372654,119440.14380628658,118983.94677943845,118357.5621365747,117738.9332066003
84.76953907815631,119809.46707319164,119431.56953620586,118976.5654747094,118358.11006197587,117732.84874751547
84.96993987975952,119803.82808215273,119436.63655578991,118970.52745703592,118361.27221695596,117718.39656669564
85.17034068136273,119803.43634416041,119418.63657048611,118960.90970001905,118340.29285660118,117721.60934993239
85.37074148296594,119787.76055303778,119419.0490781384,118976.01249857555,118326.2263178973,117714.88433530477
85.57114228456913,119792.0074116086,119419.3209291148,118955.20540105716,118331.43571035353,117704.69906495509
85.77154308617234,119789.8612607108,119420.85367225038,118954.60515472776,118332.35850558983,117703.61775878332
85.97194388777555,119771.76742481237,119408.28848316357,118949.31733630617,118330.63342063784,117689.31157777295
86.17234468937876,119770.6368136491,119401.43241920021,118947.22841625458,118308.68191134637,117686.7909655012
86.37274549098197,119762.34892929156,119409.2053845456,118944.76004878814,118311.30113138672,117671.85558612218
86.57314629258518,119767.19003997606,119388.15071206105,118939.97371012716,118300.47905893854,117669.82211900516
86.77354709418837,119768.1167693952,119379.98793414475,118927.74593545245,118296.26384540283,117662.05408041389
86.97394789579158,119768.03282734464,119388.77321854286,118924.81569403628,118304.00327986134,117657.03836325751
87.17434869739479,119756.88349995422,119379.65405753555,118922.05418231757,118277.25468743619,117647.05016094702
87.374749498998,119760.6480877479,119372.64934693639,118914.38780689413,118280.02621333752,117641.22640455671
87.57515030060121,119741.5964866969,119376.88847562327,118918.65797036506,118275.0839568408,117638.99997533618
87.77555110220442,119735.97206575914,119370.15687932036,118908.06609720307,118272.16239855858,117625.67189023666
87.97595190380761,119740.20322342937,119361.70866496254,118904.27559133506,118261.21135865312,117612.80879786304
88.17635270541082,119738.39327313648,119353.71871848761,118898.90558870808,118256.2496715352,117622.57557483166
88.37675350701403,119732.30145611925,119360.0737094871,118896.44853161208,118246.73915195247,117613.72089764796
88.57715430861724,119718.11970332745,119354.55361110021,118886.47625007808,118244.03100544772,117593.33828572286
88.77755511022045,119724.00329759803,119346.39790825624,118874.07696250471,118234.9573853159,117596.23411016852
88.97795591182366,119713.918534261,119351.71815492012,118877.54954196318,118233.76918209458,117583.25666923342
89.17835671342685,119719.78122847561,119332.72572847299,118867.28429769537,118222.80124691698,117580.07495110671
89.37875751503006,119714.25784092989,119326.03970881471,118862.8879787155,118220.5227765186,117573.21460761903
89.57915831663327,119703.71743473569,119325.79897668466,118863.45286217793,118212.47893643258,117563.55741991625
89.77955911823648,119701.83948304858,119324.62176931702,118861.70243740125,118212.24347770677,117553.79660253378
89.97995991983969,119695.10473399375,119321.65757901013,118850.60735988768,118200.34423378686,117547.24869754403
90.1803607214429,119696.07939008478,119314.82588383897,118847.03514702692,118185.72401601568,117539.1064151721
90.38076152304609,119697.16048114157,119313.38352347557,118848.99203664703,118194.88676181219,117532.51423565223
90.5811623246493,119683.44812327533,119300.95673173676,118836.67470778122,118178.03646875621,117529.32342718703
90.78156312625251,119686.88897005255,119310.0244342428,118843.46933741459,118173.28427451917,117519.06649063561
90.98196392785572,119677.70943335103,119297.98603769521,118828.27845003176,118167.56277569411,117519.0415228536
91.18236472945893,119672.38834124952,119299.57445510985,118811.63706796775,118171.40124858209,117516.05346524563
91.38276553106213,119671.80953757899,119291.29278504851,118819.19756982898,118147.83866299824,117498.70294020597
91.58316633266533,119663.1604617346,119287.45410677714,118812.32663360778,118168.19375268834,117495.7862008594
91.78356713426854,119661.56041078789,119283.61035944725,118811.8595854137,118151.77327001728,117490.07357585212
91.98396793587175,119654.33125181962,119278.59124821091,118803.76670835956,118141.59715649449,117482.92113359908
92.18436873747495,119666.13625091508,119275.15750157488,118794.6985016432,118134.19446787267,117473.92687052797
92.38476953907816,119652.4809269783,119274.18083279094,118784.2592703416,118129.88468420194,117470.24647822407
92.58517034068136,119644.79796564642,119264.10885835352,118784.32562519654,118125.05050192145,117461.93028283954
92.78557114228457,119645.35847670797,119262.26245365769,118776.10811917184,118119.65894366121,117446.3166979084
92.98597194388778,119639.71892087378,119253.85993876302,118772.44808415377,118113.1988640134,117449.83676228588
93.18637274549098,119635.16769709252,119257.10038567644,118773.28357338482,118104.85672104155,117442.91340809414
93.3867735470942,119635.33536255833,119242.10902045363,118773.68018384441,118097.41010148564,117427.64649533082
93.5871743486974,119632.04405157629,119250.08686649322,118762.29399893168,118091.6284031208,117424.63858697283
93.7875751503006,119621.59599125593,119236.47255694016,118749.3312059323,118085.39820408922,117420.85151470354
93.9879759519038,119617.36138975869,119225.11065354753,118752.5236145435,118086.02957192723,117409.37427258547
94.18837675350701,119614.8572064441,119228.4962334974,118751.27373859556,118077.31648100619,117408.77170386608
94.38877755511022,119600.7148430741,119220.04163550021,118737.23164660065,118053.63473017338,117408.21214804423
94.58917835671343,119600.64047755474,119223.24129389724,118734.6004552488,118065.60415318124,117385.44882735187
94.78957915831664,119611.04278817089,119211.36613862052,118730.33396201573,118057.2863062241,117375.45950644315
94.98997995991984,119608.42523936911,119207.98952371569,118721.3260094366,118050.20705742016,117376.86979438082
95.19038076152304,119594.94720457176,119196.36391959176,118723.48188313114,118042.34598488886,117371.94448587233
95.39078156312625,119595.06715355275,119199.14127401498,118714.6257201788,118043.89711670615,117360.16831342135
95.59118236472946,119589.73260347813,119184.8745913428,118712.3181031013,118037.00216136873,117361.57492055107
95.79158316633267,119599.56274071563,119184.66565622325,118700.77295995268,118022.3881166709,117340.60156017974
95.99198396793588,119585.75819519846,119191.97842598613,118698.0131093,118022.27574239754,117343.7451542374
96.19238476953907,119575.51271665182,119187.6965358634,118698.80228755066,118009.37017324113,117330.23722896233
96.39278557114228,119567.36658637415,119181.48600524379,118688.31619496098,118001.31834204179,117334.84939454106
96.59318637274549,119560.1040409438,119170.11501908395,118693.80515993753,117999.07082269469,117329.20105371975
96.7935871743487,119565.14557469236,119170.30252538362,118678.16213971321,118000.50435213145,117308.39116595888
96.99398797595191,119556.33848675454,119166.11425183361,118676.27372422996,117994.94598594832,117302.46263516214
97.19438877755512,119549.0009559009,119155.93162344782,118674.8032347205,117986.73376377384,117302.49433222046
97.39478957915831,119548.87134399562,119164.83162076735,118658.03843185637,117981.78179155948,117289.24671148052
97.59519038076152,119542.6884523667,119157.29262307612,118651.31619642106,117974.72518001273,117283.94128058369
97.79559118236473,119552.52388452807,119147.39217311883,118647.48193886803,117962.92485655296,117277.28125071994
97.99599198396794,119544.48835910538,119144.22260554768,118656.41312091795,117962.27985320432,117260.54191478014
98.19639278557115,119536.03228108199,119140.72127275718,118642.33088963127,117958.11026405901,117263.05706377454
98.39679358717436,119539.46384895097,119125.06186674004,118652.87115674898,117951.86764903383,117252.66358557857
98.59719438877755,119528.44295376269,119129.6258365343,118632.24890228728,117948.02873519405,117246.6325822808
98.79759519038076,119519.74167518575,119123.04298457163,118630.98287675646,117939.61366352458,117249.30232835402
98.99799599198397,119527.65570054667,119117.03598812688,118632.76064996324,117931.81736127818,117228.78760580916
99.19839679358718,119518.72661434668,119116.22976907666,118630.07054460113,117929.39884738397,117232.1221381582
99.39879759519039,119506.83781732456,119122.21488554006,118625.33757800343,117917.90346584804,117219.64726951667
99.5991983967936,119507.0643386737,119112.02184957686,118616.06187123312,117907.61467484005,117212.62925526974
99.79959919839679,119499.62992476515,119101.55292268636,118610.13033266914,117905.19668922837,117210.96588753638
100.0,119493.08600134517,119102.86291390678,118602.962634746,117896.27548677596,117201.70025647285
